chr,start,replication_index
1,0,133
1,2000,133
1,4000,133
1,6000,133
1,8000,132
1,10000,130
1,12000,129
1,14000,130
1,16000,131
1,18000,128
1,20000,130
1,22000,127
1,24000,123
1,26000,122
1,28000,122
1,30000,121
1,32000,122
1,34000,123
1,36000,124
1,38000,124
1,40000,125
1,42000,127
1,44000,128
1,46000,127
1,48000,128
1,50000,127
1,52000,132
1,54000,131
1,56000,125
1,58000,123
1,60000,122
1,62000,125
1,64000,124
1,66000,124
1,68000,125
1,70000,124
1,72000,123
1,74000,124
1,76000,132
1,78000,126
1,80000,127
1,82000,128
1,84000,129
1,86000,130
1,88000,129
1,90000,129
1,92000,130
1,94000,130
1,96000,130
1,98000,129
1,100000,128
1,102000,127
1,104000,126
1,106000,136
1,108000,124
1,110000,123
1,112000,122
1,114000,123
1,116000,123
1,118000,123
1,120000,121
1,122000,121
1,124000,121
1,126000,121
1,128000,121
1,130000,122
1,132000,122
1,134000,122
1,136000,121
1,138000,120
1,140000,119
1,142000,119
1,144000,119
1,146000,119
1,148000,118
1,150000,118
1,152000,118
1,154000,118
1,156000,118
1,158000,118
1,160000,118
1,162000,118
1,164000,119
1,166000,119
1,168000,118
1,170000,118
1,172000,117
1,174000,118
1,176000,118
1,178000,118
1,180000,119
1,182000,118
1,184000,118
1,186000,121
1,188000,122
1,190000,123
1,192000,123
1,194000,123
1,196000,123
1,198000,123
1,200000,123
1,202000,123
1,204000,123
1,206000,123
1,208000,123
1,210000,123
1,212000,123
1,214000,123
1,216000,123
1,218000,123
1,220000,123
2,0,122
2,2000,122
2,4000,122
2,6000,122
2,8000,122
2,10000,123
2,12000,124
2,14000,124
2,16000,123
2,18000,178
2,20000,124
2,22000,123
2,24000,123
2,26000,123
2,28000,123
2,30000,123
2,32000,123
2,34000,124
2,36000,122
2,38000,121
2,40000,120
2,42000,119
2,44000,119
2,46000,120
2,48000,120
2,50000,120
2,52000,119
2,54000,119
2,56000,117
2,58000,118
2,60000,118
2,62000,120
2,64000,120
2,66000,119
2,68000,121
2,70000,120
2,72000,122
2,74000,123
2,76000,122
2,78000,122
2,80000,122
2,82000,122
2,84000,123
2,86000,123
2,88000,124
2,90000,124
2,92000,125
2,94000,125
2,96000,127
2,98000,128
2,100000,129
2,102000,129
2,104000,130
2,106000,130
2,108000,131
2,110000,131
2,112000,130
2,114000,130
2,116000,131
2,118000,131
2,120000,131
2,122000,129
2,124000,129
2,126000,128
2,128000,127
2,130000,126
2,132000,126
2,134000,126
2,136000,124
2,138000,124
2,140000,124
2,142000,124
2,144000,125
2,146000,126
2,148000,126
2,150000,127
2,152000,127
2,154000,125
2,156000,127
2,158000,126
2,160000,124
2,162000,124
2,164000,124
2,166000,123
2,168000,123
2,170000,123
2,172000,123
2,174000,123
2,176000,123
2,178000,122
2,180000,122
2,182000,122
2,184000,121
2,186000,121
2,188000,121
2,190000,122
2,192000,122
2,194000,120
2,196000,120
2,198000,122
2,200000,121
2,202000,120
2,204000,120
2,206000,121
2,208000,120
2,210000,121
2,212000,121
2,214000,121
2,216000,120
2,218000,120
2,220000,120
2,222000,120
2,224000,120
2,226000,120
2,228000,119
2,230000,118
2,232000,117
2,234000,117
2,236000,117
2,238000,118
2,240000,119
2,242000,120
2,244000,119
2,246000,119
2,248000,119
2,250000,120
2,252000,119
2,254000,119
2,256000,119
2,258000,119
2,260000,119
2,262000,119
2,264000,119
2,266000,120
2,268000,121
2,270000,121
2,272000,121
2,274000,122
2,276000,122
2,278000,122
2,280000,123
2,282000,124
2,284000,125
2,286000,126
2,288000,127
2,290000,127
2,292000,128
2,294000,128
2,296000,128
2,298000,136
2,300000,126
2,302000,126
2,304000,125
2,306000,124
2,308000,125
2,310000,124
2,312000,124
2,314000,123
2,316000,122
2,318000,122
2,320000,121
2,322000,121
2,324000,122
2,326000,123
2,328000,121
2,330000,122
2,332000,122
2,334000,123
2,336000,125
2,338000,127
2,340000,128
2,342000,130
2,344000,130
2,346000,130
2,348000,131
2,350000,130
2,352000,129
2,354000,130
2,356000,130
2,358000,130
2,360000,130
2,362000,131
2,364000,130
2,366000,128
2,368000,127
2,370000,125
2,372000,122
2,374000,123
2,376000,123
2,378000,123
2,380000,123
2,382000,123
2,384000,123
2,386000,123
2,388000,122
2,390000,121
2,392000,120
2,394000,120
2,396000,120
2,398000,120
2,400000,119
2,402000,118
2,404000,119
2,406000,120
2,408000,120
2,410000,119
2,412000,120
2,414000,121
2,416000,123
2,418000,123
2,420000,123
2,422000,123
2,424000,124
2,426000,126
2,428000,126
2,430000,126
2,432000,128
2,434000,129
2,436000,129
2,438000,129
2,440000,129
2,442000,130
2,444000,131
2,446000,131
2,448000,130
2,450000,131
2,452000,130
2,454000,128
2,456000,127
2,458000,126
2,460000,125
2,462000,132
2,464000,124
2,466000,123
2,468000,122
2,470000,121
2,472000,121
2,474000,120
2,476000,120
2,478000,120
2,480000,120
2,482000,118
2,484000,118
2,486000,118
2,488000,119
2,490000,120
2,492000,120
2,494000,121
2,496000,122
2,498000,123
2,500000,124
2,502000,124
2,504000,125
2,506000,126
2,508000,127
2,510000,126
2,512000,127
2,514000,127
2,516000,127
2,518000,127
2,520000,127
2,522000,128
2,524000,128
2,526000,130
2,528000,128
2,530000,129
2,532000,128
2,534000,127
2,536000,128
2,538000,129
2,540000,133
2,542000,129
2,544000,131
2,546000,144
2,548000,134
2,550000,134
2,552000,134
2,554000,145
2,556000,139
2,558000,135
2,560000,135
2,562000,134
2,564000,134
2,566000,132
2,568000,131
2,570000,130
2,572000,129
2,574000,127
2,576000,126
2,578000,126
2,580000,124
2,582000,124
2,584000,124
2,586000,124
2,588000,124
2,590000,124
2,592000,125
2,594000,125
2,596000,124
2,598000,123
2,600000,122
2,602000,120
2,604000,120
2,606000,120
2,608000,120
2,610000,120
2,612000,120
2,614000,118
2,616000,118
2,618000,118
2,620000,118
2,622000,119
2,624000,119
2,626000,120
2,628000,120
2,630000,119
2,632000,119
2,634000,120
2,636000,120
2,638000,122
2,640000,124
2,642000,126
2,644000,128
2,646000,129
2,648000,130
2,650000,130
2,652000,130
2,654000,131
2,656000,131
2,658000,131
2,660000,132
2,662000,133
2,664000,132
2,666000,132
2,668000,132
2,670000,131
2,672000,131
2,674000,131
2,676000,131
2,678000,130
2,680000,130
2,682000,129
2,684000,129
2,686000,128
2,688000,128
2,690000,126
2,692000,125
2,694000,124
2,696000,123
2,698000,122
2,700000,123
2,702000,124
2,704000,124
2,706000,125
2,708000,125
2,710000,125
2,712000,125
2,714000,127
2,716000,127
2,718000,128
2,720000,130
2,722000,130
2,724000,129
2,726000,129
2,728000,128
2,730000,127
2,732000,126
2,734000,133
2,736000,125
2,738000,129
2,740000,125
2,742000,125
2,744000,126
2,746000,127
2,748000,127
2,750000,127
2,752000,127
2,754000,126
2,756000,126
2,758000,126
2,760000,127
2,762000,127
2,764000,134
2,766000,132
2,768000,127
2,770000,127
2,772000,126
2,774000,135
2,776000,131
2,778000,126
2,780000,126
2,782000,125
2,784000,125
2,786000,123
2,788000,123
2,790000,123
2,792000,123
2,794000,123
2,796000,122
2,798000,122
2,800000,122
2,802000,122
3,0,130
3,2000,129
3,4000,128
3,6000,128
3,8000,127
3,10000,126
3,12000,126
3,14000,125
3,16000,124
3,18000,124
3,20000,124
3,22000,123
3,24000,121
3,26000,121
3,28000,119
3,30000,119
3,32000,117
3,34000,118
3,36000,118
3,38000,118
3,40000,117
3,42000,119
3,44000,120
3,46000,120
3,48000,121
3,50000,121
3,52000,121
3,54000,120
3,56000,119
3,58000,119
3,60000,119
3,62000,119
3,64000,119
3,66000,119
3,68000,120
3,70000,119
3,72000,118
3,74000,118
3,76000,120
3,78000,120
3,80000,120
3,82000,120
3,84000,120
3,86000,120
3,88000,120
3,90000,121
3,92000,120
3,94000,120
3,96000,119
3,98000,118
3,100000,117
3,102000,119
3,104000,118
3,106000,119
3,108000,120
3,110000,121
3,112000,122
3,114000,121
3,116000,120
3,118000,121
3,120000,120
3,122000,121
3,124000,121
3,126000,120
3,128000,120
3,130000,121
3,132000,121
3,134000,122
3,136000,123
3,138000,123
3,140000,124
3,142000,123
3,144000,122
3,146000,122
3,148000,121
3,150000,121
3,152000,120
3,154000,120
3,156000,119
3,158000,119
3,160000,121
3,162000,123
3,164000,122
3,166000,125
3,168000,127
3,170000,127
3,172000,128
3,174000,129
3,176000,130
3,178000,129
3,180000,129
3,182000,128
3,184000,128
3,186000,128
3,188000,128
3,190000,128
3,192000,128
3,194000,126
3,196000,126
3,198000,125
3,200000,125
3,202000,124
3,204000,124
3,206000,123
3,208000,123
3,210000,120
3,212000,119
3,214000,119
3,216000,119
3,218000,119
3,220000,118
3,222000,118
3,224000,119
3,226000,120
3,228000,121
3,230000,121
3,232000,121
3,234000,122
3,236000,129
3,238000,125
3,240000,125
3,242000,126
3,244000,127
3,246000,128
3,248000,128
3,250000,129
3,252000,129
3,254000,130
3,256000,130
3,258000,130
3,260000,137
3,262000,142
3,264000,140
3,266000,135
3,268000,131
3,270000,129
3,272000,126
3,274000,127
3,276000,128
3,278000,128
3,280000,130
3,282000,131
3,284000,133
3,286000,141
3,288000,142
3,290000,135
3,292000,134
3,294000,133
3,296000,132
3,298000,132
3,300000,130
3,302000,130
3,304000,129
3,306000,128
4,0,130
4,2000,130
4,4000,130
4,6000,130
4,8000,130
4,10000,130
4,12000,130
4,14000,130
4,16000,130
4,18000,131
4,20000,130
4,22000,129
4,24000,128
4,26000,128
4,28000,127
4,30000,130
4,32000,125
4,34000,125
4,36000,124
4,38000,123
4,40000,121
4,42000,121
4,44000,122
4,46000,123
4,48000,124
4,50000,125
4,52000,125
4,54000,126
4,56000,126
4,58000,126
4,60000,127
4,62000,127
4,64000,127
4,66000,127
4,68000,128
4,70000,128
4,72000,126
4,74000,125
4,76000,125
4,78000,124
4,80000,123
4,82000,128
4,84000,124
4,86000,124
4,88000,125
4,90000,125
4,92000,126
4,94000,126
4,96000,125
4,98000,125
4,100000,125
4,102000,125
4,104000,124
4,106000,123
4,108000,122
4,110000,122
4,112000,121
4,114000,121
4,116000,120
4,118000,120
4,120000,121
4,122000,121
4,124000,121
4,126000,121
4,128000,123
4,130000,124
4,132000,123
4,134000,122
4,136000,123
4,138000,123
4,140000,124
4,142000,136
4,144000,126
4,146000,126
4,148000,125
4,150000,125
4,152000,125
4,154000,125
4,156000,135
4,158000,128
4,160000,129
4,162000,130
4,164000,131
4,166000,132
4,168000,132
4,170000,132
4,172000,132
4,174000,132
4,176000,131
4,178000,130
4,180000,130
4,182000,129
4,184000,129
4,186000,128
4,188000,126
4,190000,125
4,192000,131
4,194000,123
4,196000,121
4,198000,120
4,200000,120
4,202000,119
4,204000,119
4,206000,120
4,208000,121
4,210000,120
4,212000,121
4,214000,122
4,216000,123
4,218000,124
4,220000,124
4,222000,123
4,224000,123
4,226000,126
4,228000,126
4,230000,125
4,232000,126
4,234000,126
4,236000,124
4,238000,124
4,240000,124
4,242000,124
4,244000,123
4,246000,124
4,248000,124
4,250000,124
4,252000,124
4,254000,128
4,256000,125
4,258000,131
4,260000,127
4,262000,129
4,264000,130
4,266000,130
4,268000,131
4,270000,132
4,272000,133
4,274000,133
4,276000,133
4,278000,133
4,280000,132
4,282000,131
4,284000,131
4,286000,130
4,288000,130
4,290000,129
4,292000,128
4,294000,127
4,296000,126
4,298000,125
4,300000,123
4,302000,124
4,304000,122
4,306000,122
4,308000,122
4,310000,121
4,312000,121
4,314000,121
4,316000,121
4,318000,121
4,320000,120
4,322000,119
4,324000,119
4,326000,119
4,328000,119
4,330000,120
4,332000,121
4,334000,120
4,336000,120
4,338000,121
4,340000,121
4,342000,122
4,344000,124
4,346000,124
4,348000,124
4,350000,125
4,352000,125
4,354000,126
4,356000,126
4,358000,128
4,360000,130
4,362000,130
4,364000,130
4,366000,131
4,368000,130
4,370000,129
4,372000,128
4,374000,127
4,376000,126
4,378000,125
4,380000,123
4,382000,122
4,384000,122
4,386000,122
4,388000,122
4,390000,122
4,392000,121
4,394000,121
4,396000,121
4,398000,120
4,400000,120
4,402000,119
4,404000,118
4,406000,118
4,408000,119
4,410000,119
4,412000,121
4,414000,121
4,416000,120
4,418000,120
4,420000,121
4,422000,119
4,424000,119
4,426000,119
4,428000,119
4,430000,120
4,432000,119
4,434000,118
4,436000,118
4,438000,119
4,440000,119
4,442000,120
4,444000,121
4,446000,121
4,448000,121
4,450000,120
4,452000,119
4,454000,119
4,456000,120
4,458000,121
4,460000,122
4,462000,120
4,464000,118
4,466000,120
4,468000,121
4,470000,121
4,472000,121
4,474000,121
4,476000,120
4,478000,120
4,480000,120
4,482000,119
4,484000,119
4,486000,120
4,488000,120
4,490000,120
4,492000,121
4,494000,121
4,496000,120
4,498000,120
4,500000,119
4,502000,120
4,504000,120
4,506000,121
4,508000,121
4,510000,121
4,512000,122
4,514000,122
4,516000,122
4,518000,123
4,520000,123
4,522000,122
4,524000,122
4,526000,121
4,528000,121
4,530000,120
4,532000,120
4,534000,119
4,536000,119
4,538000,119
4,540000,119
4,542000,118
4,544000,119
4,546000,116
4,548000,118
4,550000,117
4,552000,116
4,554000,117
4,556000,118
4,558000,118
4,560000,120
4,562000,119
4,564000,120
4,566000,120
4,568000,121
4,570000,122
4,572000,122
4,574000,121
4,576000,123
4,578000,124
4,580000,125
4,582000,126
4,584000,127
4,586000,127
4,588000,128
4,590000,129
4,592000,140
4,594000,134
4,596000,135
4,598000,135
4,600000,133
4,602000,132
4,604000,130
4,606000,130
4,608000,131
4,610000,132
4,612000,132
4,614000,131
4,616000,129
4,618000,125
4,620000,123
4,622000,123
4,624000,122
4,626000,121
4,628000,121
4,630000,122
4,632000,121
4,634000,122
4,636000,123
4,638000,123
4,640000,123
4,642000,124
4,644000,125
4,646000,125
4,648000,126
4,650000,127
4,652000,126
4,654000,127
4,656000,127
4,658000,129
4,660000,131
4,662000,132
4,664000,133
4,666000,133
4,668000,133
4,670000,132
4,672000,132
4,674000,132
4,676000,131
4,678000,131
4,680000,130
4,682000,129
4,684000,128
4,686000,127
4,688000,130
4,690000,125
4,692000,131
4,694000,124
4,696000,123
4,698000,122
4,700000,123
4,702000,123
4,704000,124
4,706000,124
4,708000,133
4,710000,125
4,712000,126
4,714000,125
4,716000,126
4,718000,126
4,720000,126
4,722000,127
4,724000,132
4,726000,129
4,728000,129
4,730000,128
4,732000,130
4,734000,126
4,736000,125
4,738000,124
4,740000,123
4,742000,122
4,744000,123
4,746000,123
4,748000,124
4,750000,124
4,752000,123
4,754000,124
4,756000,126
4,758000,130
4,760000,127
4,762000,128
4,764000,133
4,766000,129
4,768000,130
4,770000,131
4,772000,132
4,774000,132
4,776000,132
4,778000,133
4,780000,132
4,782000,132
4,784000,131
4,786000,130
4,788000,128
4,790000,128
4,792000,127
4,794000,126
4,796000,130
4,798000,124
4,800000,122
4,802000,123
4,804000,123
4,806000,124
4,808000,125
4,810000,126
4,812000,128
4,814000,130
4,816000,131
4,818000,131
4,820000,132
4,822000,132
4,824000,133
4,826000,132
4,828000,132
4,830000,131
4,832000,130
4,834000,130
4,836000,131
4,838000,130
4,840000,130
4,842000,130
4,844000,129
4,846000,128
4,848000,128
4,850000,132
4,852000,126
4,854000,124
4,856000,123
4,858000,122
4,860000,121
4,862000,121
4,864000,120
4,866000,120
4,868000,120
4,870000,120
4,872000,120
4,874000,120
4,876000,120
4,878000,120
4,880000,120
4,882000,120
4,884000,120
4,886000,120
4,888000,120
4,890000,121
4,892000,122
4,894000,122
4,896000,121
4,898000,121
4,900000,119
4,902000,118
4,904000,117
4,906000,118
4,908000,118
4,910000,118
4,912000,117
4,914000,117
4,916000,119
4,918000,120
4,920000,121
4,922000,121
4,924000,121
4,926000,122
4,928000,122
4,930000,122
4,932000,123
4,934000,123
4,936000,125
4,938000,126
4,940000,127
4,942000,128
4,944000,129
4,946000,129
4,948000,131
4,950000,137
4,952000,132
4,954000,133
4,956000,135
4,958000,135
4,960000,135
4,962000,134
4,964000,134
4,966000,133
4,968000,134
4,970000,134
4,972000,134
4,974000,145
4,976000,142
4,978000,140
4,980000,137
4,982000,135
4,984000,132
4,986000,130
4,988000,127
4,990000,125
4,992000,124
4,994000,124
4,996000,122
4,998000,121
4,1000000,121
4,1002000,120
4,1004000,119
4,1006000,119
4,1008000,118
4,1010000,118
4,1012000,119
4,1014000,119
4,1016000,119
4,1018000,120
4,1020000,121
4,1022000,121
4,1024000,121
4,1026000,122
4,1028000,123
4,1030000,124
4,1032000,124
4,1034000,124
4,1036000,124
4,1038000,125
4,1040000,125
4,1042000,124
4,1044000,123
4,1046000,123
4,1048000,122
4,1050000,122
4,1052000,122
4,1054000,121
4,1056000,121
4,1058000,121
4,1060000,122
4,1062000,123
4,1064000,124
4,1066000,125
4,1068000,126
4,1070000,127
4,1072000,128
4,1074000,133
4,1076000,128
4,1078000,136
4,1080000,134
4,1082000,129
4,1084000,131
4,1086000,132
4,1088000,132
4,1090000,131
4,1092000,130
4,1094000,130
4,1096000,129
4,1098000,128
4,1100000,128
4,1102000,126
4,1104000,125
4,1106000,124
4,1108000,124
4,1110000,125
4,1112000,125
4,1114000,126
4,1116000,126
4,1118000,127
4,1120000,127
4,1122000,126
4,1124000,126
4,1126000,126
4,1128000,124
4,1130000,124
4,1132000,124
4,1134000,123
4,1136000,122
4,1138000,122
4,1140000,122
4,1142000,122
4,1144000,121
4,1146000,122
4,1148000,120
4,1150000,118
4,1152000,118
4,1154000,118
4,1156000,118
4,1158000,119
4,1160000,120
4,1162000,120
4,1164000,119
4,1166000,120
4,1168000,120
4,1170000,120
4,1172000,121
4,1174000,121
4,1176000,121
4,1178000,122
4,1180000,122
4,1182000,121
4,1184000,123
4,1186000,124
4,1188000,125
4,1190000,126
4,1192000,128
4,1194000,129
4,1196000,129
4,1198000,130
4,1200000,130
4,1202000,130
4,1204000,130
4,1206000,130
4,1208000,130
4,1210000,131
4,1212000,131
4,1214000,131
4,1216000,132
4,1218000,131
4,1220000,130
4,1222000,129
4,1224000,129
4,1226000,127
4,1228000,125
4,1230000,124
4,1232000,123
4,1234000,122
4,1236000,123
4,1238000,124
4,1240000,123
4,1242000,124
4,1244000,124
4,1246000,124
4,1248000,124
4,1250000,134
4,1252000,133
4,1254000,127
4,1256000,127
4,1258000,127
4,1260000,125
4,1262000,124
4,1264000,124
4,1266000,124
4,1268000,123
4,1270000,123
4,1272000,123
4,1274000,123
4,1276000,124
4,1278000,125
4,1280000,125
4,1282000,125
4,1284000,125
4,1286000,124
4,1288000,123
4,1290000,123
4,1292000,123
4,1294000,122
4,1296000,123
4,1298000,122
4,1300000,121
4,1302000,122
4,1304000,121
4,1306000,122
4,1308000,122
4,1310000,123
4,1312000,124
4,1314000,125
4,1316000,126
4,1318000,128
4,1320000,129
4,1322000,129
4,1324000,129
4,1326000,128
4,1328000,127
4,1330000,127
4,1332000,126
4,1334000,126
4,1336000,125
4,1338000,124
4,1340000,123
4,1342000,122
4,1344000,121
4,1346000,120
4,1348000,120
4,1350000,120
4,1352000,121
4,1354000,121
4,1356000,122
4,1358000,122
4,1360000,123
4,1362000,124
4,1364000,125
4,1366000,125
4,1368000,125
4,1370000,125
4,1372000,125
4,1374000,125
4,1376000,125
4,1378000,125
4,1380000,124
4,1382000,125
4,1384000,125
4,1386000,126
4,1388000,125
4,1390000,125
4,1392000,125
4,1394000,124
4,1396000,124
4,1398000,124
4,1400000,123
4,1402000,123
4,1404000,124
4,1406000,125
4,1408000,126
4,1410000,131
4,1412000,134
4,1414000,128
4,1416000,129
4,1418000,129
4,1420000,130
4,1422000,131
4,1424000,130
4,1426000,133
4,1428000,129
4,1430000,128
4,1432000,127
4,1434000,126
4,1436000,125
4,1438000,124
4,1440000,122
4,1442000,121
4,1444000,122
4,1446000,121
4,1448000,122
4,1450000,121
4,1452000,121
4,1454000,119
4,1456000,120
4,1458000,119
4,1460000,119
4,1462000,120
4,1464000,121
4,1466000,121
4,1468000,121
4,1470000,122
4,1472000,123
4,1474000,123
4,1476000,125
4,1478000,125
4,1480000,125
4,1482000,125
4,1484000,124
4,1486000,124
4,1488000,124
4,1490000,124
4,1492000,124
4,1494000,126
4,1496000,125
4,1498000,124
4,1500000,133
4,1502000,125
4,1504000,125
4,1506000,127
4,1508000,127
4,1510000,129
4,1512000,129
4,1514000,129
4,1516000,127
4,1518000,127
4,1520000,127
5,0,129
5,2000,129
5,4000,129
5,6000,130
5,8000,129
5,10000,130
5,12000,138
5,14000,130
5,16000,129
5,18000,129
5,20000,129
5,22000,129
5,24000,128
5,26000,128
5,28000,129
5,30000,127
5,32000,126
5,34000,126
5,36000,124
5,38000,123
5,40000,122
5,42000,121
5,44000,120
5,46000,119
5,48000,119
5,50000,118
5,52000,118
5,54000,118
5,56000,118
5,58000,119
5,60000,119
5,62000,118
5,64000,119
5,66000,120
5,68000,122
5,70000,122
5,72000,123
5,74000,122
5,76000,121
5,78000,120
5,80000,119
5,82000,120
5,84000,120
5,86000,119
5,88000,118
5,90000,119
5,92000,119
5,94000,119
5,96000,120
5,98000,120
5,100000,122
5,102000,121
5,104000,122
5,106000,122
5,108000,125
5,110000,126
5,112000,127
5,114000,128
5,116000,129
5,118000,125
5,120000,125
5,122000,124
5,124000,122
5,126000,122
5,128000,122
5,130000,121
5,132000,120
5,134000,118
5,136000,118
5,138000,117
5,140000,117
5,142000,118
5,144000,118
5,146000,119
5,148000,121
5,150000,122
5,152000,121
5,154000,120
5,156000,121
5,158000,119
5,160000,119
5,162000,119
5,164000,119
5,166000,118
5,168000,118
5,170000,117
5,172000,117
5,174000,118
5,176000,119
5,178000,120
5,180000,121
5,182000,122
5,184000,122
5,186000,123
5,188000,124
5,190000,125
5,192000,125
5,194000,125
5,196000,124
5,198000,124
5,200000,129
5,202000,123
5,204000,122
5,206000,121
5,208000,121
5,210000,122
5,212000,123
5,214000,124
5,216000,125
5,218000,126
5,220000,127
5,222000,127
5,224000,127
5,226000,129
5,228000,129
5,230000,132
5,232000,132
5,234000,132
5,236000,132
5,238000,132
5,240000,133
5,242000,133
5,244000,131
5,246000,132
5,248000,132
5,250000,131
5,252000,131
5,254000,130
5,256000,138
5,258000,140
5,260000,141
5,262000,138
5,264000,128
5,266000,127
5,268000,126
5,270000,123
5,272000,123
5,274000,122
5,276000,121
5,278000,120
5,280000,121
5,282000,119
5,284000,120
5,286000,121
5,288000,123
5,290000,123
5,292000,122
5,294000,123
5,296000,123
5,298000,122
5,300000,122
5,302000,123
5,304000,121
5,306000,122
5,308000,121
5,310000,121
5,312000,121
5,314000,122
5,316000,122
5,318000,122
5,320000,121
5,322000,122
5,324000,122
5,326000,123
5,328000,131
5,330000,124
5,332000,123
5,334000,123
5,336000,122
5,338000,122
5,340000,121
5,342000,120
5,344000,118
5,346000,118
5,348000,116
5,350000,117
5,352000,118
5,354000,118
5,356000,118
5,358000,119
5,360000,120
5,362000,121
5,364000,122
5,366000,124
5,368000,124
5,370000,125
5,372000,125
5,374000,126
5,376000,127
5,378000,127
5,380000,127
5,382000,128
5,384000,127
5,386000,126
5,388000,126
5,390000,125
5,392000,123
5,394000,123
5,396000,120
5,398000,120
5,400000,121
5,402000,122
5,404000,122
5,406000,122
5,408000,122
5,410000,122
5,412000,123
5,414000,123
5,416000,124
5,418000,124
5,420000,124
5,422000,124
5,424000,122
5,426000,123
5,428000,123
5,430000,121
5,432000,121
5,434000,120
5,436000,119
5,438000,120
5,440000,122
5,442000,124
5,444000,125
5,446000,127
5,448000,129
5,450000,128
5,452000,129
5,454000,130
5,456000,131
5,458000,131
5,460000,132
5,462000,130
5,464000,130
5,466000,130
5,468000,128
5,470000,128
5,472000,131
5,474000,127
5,476000,127
5,478000,127
5,480000,127
5,482000,127
5,484000,128
5,486000,126
5,488000,125
5,490000,124
5,492000,123
5,494000,122
5,496000,121
5,498000,120
5,500000,122
5,502000,122
5,504000,123
5,506000,124
5,508000,125
5,510000,125
5,512000,125
5,514000,126
5,516000,127
5,518000,127
5,520000,129
5,522000,129
5,524000,129
5,526000,129
5,528000,129
5,530000,129
5,532000,129
5,534000,128
5,536000,128
5,538000,126
5,540000,131
5,542000,124
5,544000,130
5,546000,124
5,548000,125
5,550000,125
5,552000,126
5,554000,126
5,556000,126
5,558000,126
5,560000,125
5,562000,123
5,564000,123
5,566000,123
6,0,133
6,2000,132
6,4000,132
6,6000,131
6,8000,131
6,10000,130
6,12000,130
6,14000,131
6,16000,131
6,18000,130
6,20000,130
6,22000,130
6,24000,130
6,26000,130
6,28000,130
6,30000,130
6,32000,130
6,34000,130
6,36000,131
6,38000,130
6,40000,130
6,42000,130
6,44000,130
6,46000,130
6,48000,130
6,50000,130
6,52000,129
6,54000,128
6,56000,127
6,58000,126
6,60000,126
6,62000,126
6,64000,125
6,66000,125
6,68000,126
6,70000,126
6,72000,126
6,74000,132
6,76000,131
6,78000,131
6,80000,131
6,82000,131
6,84000,129
6,86000,129
6,88000,128
6,90000,128
6,92000,126
6,94000,127
6,96000,125
6,98000,124
6,100000,122
6,102000,122
6,104000,122
6,106000,123
6,108000,122
6,110000,121
6,112000,121
6,114000,120
6,116000,121
6,118000,121
6,120000,120
6,122000,121
6,124000,121
6,126000,121
6,128000,121
6,130000,122
6,132000,122
6,134000,122
6,136000,122
6,138000,122
6,140000,122
6,142000,123
6,144000,123
6,146000,122
6,148000,122
6,150000,121
6,152000,122
6,154000,121
6,156000,120
6,158000,120
6,160000,119
6,162000,119
6,164000,119
6,166000,119
6,168000,119
6,170000,120
6,172000,120
6,174000,119
6,176000,120
6,178000,120
6,180000,120
6,182000,120
6,184000,119
6,186000,119
6,188000,118
6,190000,118
6,192000,117
6,194000,117
6,196000,118
6,198000,118
6,200000,119
6,202000,119
6,204000,119
6,206000,121
6,208000,120
6,210000,120
6,212000,121
6,214000,121
6,216000,121
6,218000,121
6,220000,124
6,222000,125
6,224000,126
6,226000,127
6,228000,128
6,230000,129
6,232000,128
6,234000,129
6,236000,130
6,238000,130
6,240000,130
6,242000,130
6,244000,130
6,246000,128
6,248000,128
6,250000,136
6,252000,137
6,254000,130
6,256000,131
6,258000,132
6,260000,134
7,0,124
7,2000,124
7,4000,124
7,6000,124
7,8000,125
7,10000,124
7,12000,123
7,14000,123
7,16000,123
7,18000,123
7,20000,124
7,22000,136
7,24000,126
7,26000,128
7,28000,129
7,30000,129
7,32000,128
7,34000,128
7,36000,128
7,38000,128
7,40000,127
7,42000,126
7,44000,126
7,46000,125
7,48000,123
7,50000,123
7,52000,123
7,54000,122
7,56000,122
7,58000,122
7,60000,122
7,62000,122
7,64000,123
7,66000,123
7,68000,131
7,70000,125
7,72000,126
7,74000,126
7,76000,131
7,78000,128
7,80000,128
7,82000,128
7,84000,128
7,86000,129
7,88000,128
7,90000,130
7,92000,129
7,94000,129
7,96000,127
7,98000,127
7,100000,127
7,102000,126
7,104000,125
7,106000,126
7,108000,125
7,110000,125
7,112000,125
7,114000,134
7,116000,132
7,118000,126
7,120000,128
7,122000,129
7,124000,129
7,126000,128
7,128000,128
7,130000,127
7,132000,129
7,134000,129
7,136000,129
7,138000,129
7,140000,128
7,142000,126
7,144000,124
7,146000,123
7,148000,123
7,150000,122
7,152000,120
7,154000,120
7,156000,120
7,158000,120
7,160000,121
7,162000,121
7,164000,122
7,166000,122
7,168000,122
7,170000,122
7,172000,123
7,174000,123
7,176000,124
7,178000,124
7,180000,123
7,182000,122
7,184000,122
7,186000,121
7,188000,120
7,190000,119
7,192000,119
7,194000,118
7,196000,118
7,198000,118
7,200000,119
7,202000,119
7,204000,120
7,206000,120
7,208000,120
7,210000,121
7,212000,122
7,214000,122
7,216000,123
7,218000,123
7,220000,132
7,222000,124
7,224000,125
7,226000,126
7,228000,127
7,230000,128
7,232000,128
7,234000,127
7,236000,127
7,238000,127
7,240000,129
7,242000,128
7,244000,129
7,246000,130
7,248000,130
7,250000,128
7,252000,129
7,254000,127
7,256000,126
7,258000,126
7,260000,125
7,262000,124
7,264000,123
7,266000,122
7,268000,120
7,270000,119
7,272000,120
7,274000,120
7,276000,120
7,278000,120
7,280000,119
7,282000,120
7,284000,120
7,286000,119
7,288000,119
7,290000,120
7,292000,121
7,294000,122
7,296000,122
7,298000,123
7,300000,123
7,302000,124
7,304000,124
7,306000,125
7,308000,130
7,310000,130
7,312000,130
7,314000,130
7,316000,133
7,318000,133
7,320000,131
7,322000,131
7,324000,130
7,326000,129
7,328000,129
7,330000,128
7,332000,127
7,334000,127
7,336000,127
7,338000,126
7,340000,133
7,342000,124
7,344000,123
7,346000,123
7,348000,122
7,350000,122
7,352000,122
7,354000,123
7,356000,123
7,358000,123
7,360000,124
7,362000,135
7,364000,124
7,366000,131
7,368000,124
7,370000,123
7,372000,123
7,374000,122
7,376000,122
7,378000,122
7,380000,120
7,382000,119
7,384000,119
7,386000,120
7,388000,121
7,390000,121
7,392000,123
7,394000,124
7,396000,125
7,398000,125
7,400000,125
7,402000,122
7,404000,120
7,406000,119
7,408000,119
7,410000,120
7,412000,118
7,414000,117
7,416000,117
7,418000,117
7,420000,117
7,422000,119
7,424000,119
7,426000,120
7,428000,122
7,430000,123
7,432000,124
7,434000,126
7,436000,127
7,438000,126
7,440000,127
7,442000,127
7,444000,128
7,446000,127
7,448000,126
7,450000,126
7,452000,126
7,454000,125
7,456000,125
7,458000,123
7,460000,123
7,462000,122
7,464000,121
7,466000,120
7,468000,119
7,470000,119
7,472000,118
7,474000,116
7,476000,116
7,478000,117
7,480000,117
7,482000,118
7,484000,118
7,486000,118
7,488000,120
7,490000,120
7,492000,121
7,494000,121
7,496000,120
7,498000,118
7,500000,117
7,502000,119
7,504000,122
7,506000,122
7,508000,121
7,510000,122
7,512000,121
7,514000,120
7,516000,120
7,518000,120
7,520000,121
7,522000,121
7,524000,123
7,526000,125
7,528000,127
7,530000,127
7,532000,127
7,534000,127
7,536000,127
7,538000,127
7,540000,128
7,542000,127
7,544000,126
7,546000,133
7,548000,124
7,550000,124
7,552000,123
7,554000,123
7,556000,122
7,558000,121
7,560000,121
7,562000,120
7,564000,120
7,566000,119
7,568000,119
7,570000,118
7,572000,118
7,574000,120
7,576000,120
7,578000,122
7,580000,123
7,582000,124
7,584000,124
7,586000,124
7,588000,123
7,590000,123
7,592000,126
7,594000,126
7,596000,127
7,598000,128
7,600000,128
7,602000,128
7,604000,127
7,606000,135
7,608000,136
7,610000,127
7,612000,128
7,614000,128
7,616000,129
7,618000,133
7,620000,127
7,622000,128
7,624000,128
7,626000,131
7,628000,127
7,630000,127
7,632000,125
7,634000,125
7,636000,124
7,638000,123
7,640000,123
7,642000,123
7,644000,122
7,646000,120
7,648000,120
7,650000,120
7,652000,120
7,654000,120
7,656000,121
7,658000,121
7,660000,121
7,662000,121
7,664000,121
7,666000,122
7,668000,122
7,670000,123
7,672000,124
7,674000,126
7,676000,128
7,678000,128
7,680000,128
7,682000,129
7,684000,127
7,686000,127
7,688000,126
7,690000,126
7,692000,126
7,694000,126
7,696000,124
7,698000,123
7,700000,121
7,702000,120
7,704000,120
7,706000,119
7,708000,119
7,710000,119
7,712000,119
7,714000,120
7,716000,119
7,718000,119
7,720000,120
7,722000,121
7,724000,121
7,726000,122
7,728000,124
7,730000,129
7,732000,131
7,734000,130
7,736000,131
7,738000,131
7,740000,129
7,742000,129
7,744000,128
7,746000,127
7,748000,127
7,750000,125
7,752000,125
7,754000,124
7,756000,123
7,758000,123
7,760000,123
7,762000,123
7,764000,122
7,766000,121
7,768000,120
7,770000,119
7,772000,120
7,774000,120
7,776000,119
7,778000,119
7,780000,118
7,782000,119
7,784000,122
7,786000,122
7,788000,122
7,790000,122
7,792000,123
7,794000,124
7,796000,124
7,798000,124
7,800000,122
7,802000,120
7,804000,119
7,806000,119
7,808000,119
7,810000,119
7,812000,119
7,814000,119
7,816000,119
7,818000,119
7,820000,119
7,822000,120
7,824000,120
7,826000,119
7,828000,118
7,830000,118
7,832000,118
7,834000,118
7,836000,119
7,838000,120
7,840000,120
7,842000,121
7,844000,122
7,846000,121
7,848000,121
7,850000,123
7,852000,125
7,854000,125
7,856000,126
7,858000,125
7,860000,125
7,862000,124
7,864000,123
7,866000,122
7,868000,121
7,870000,121
7,872000,119
7,874000,119
7,876000,119
7,878000,119
7,880000,118
7,882000,117
7,884000,115
7,886000,117
7,888000,117
7,890000,117
7,892000,119
7,894000,119
7,896000,119
7,898000,121
7,900000,121
7,902000,122
7,904000,122
7,906000,122
7,908000,123
7,910000,124
7,912000,124
7,914000,126
7,916000,127
7,918000,127
7,920000,128
7,922000,129
7,924000,129
7,926000,130
7,928000,131
7,930000,132
7,932000,132
7,934000,133
7,936000,133
7,938000,133
7,940000,133
7,942000,133
7,944000,133
7,946000,133
7,948000,132
7,950000,134
7,952000,133
7,954000,132
7,956000,130
7,958000,129
7,960000,127
7,962000,126
7,964000,125
7,966000,124
7,968000,123
7,970000,123
7,972000,122
7,974000,122
7,976000,122
7,978000,123
7,980000,122
7,982000,124
7,984000,124
7,986000,123
7,988000,122
7,990000,122
7,992000,122
7,994000,122
7,996000,123
7,998000,124
7,1000000,125
7,1002000,134
7,1004000,125
7,1006000,126
7,1008000,127
7,1010000,129
7,1012000,129
7,1014000,130
7,1016000,130
7,1018000,130
7,1020000,130
7,1022000,132
7,1024000,132
7,1026000,133
7,1028000,133
7,1030000,134
7,1032000,134
7,1034000,134
7,1036000,134
7,1038000,134
7,1040000,132
7,1042000,132
7,1044000,132
7,1046000,130
7,1048000,130
7,1050000,130
7,1052000,129
7,1054000,128
7,1056000,126
7,1058000,126
7,1060000,125
7,1062000,125
7,1064000,126
7,1066000,126
7,1068000,126
7,1070000,125
7,1072000,126
7,1074000,122
7,1076000,122
7,1078000,122
7,1080000,122
8,0,126
8,2000,126
8,4000,126
8,6000,133
8,8000,129
8,10000,129
8,12000,129
8,14000,129
8,16000,129
8,18000,136
8,20000,129
8,22000,129
8,24000,129
8,26000,128
8,28000,134
8,30000,125
8,32000,125
8,34000,124
8,36000,124
8,38000,123
8,40000,123
8,42000,123
8,44000,121
8,46000,121
8,48000,121
8,50000,118
8,52000,118
8,54000,118
8,56000,120
8,58000,119
8,60000,119
8,62000,118
8,64000,119
8,66000,120
8,68000,120
8,70000,121
8,72000,123
8,74000,124
8,76000,124
8,78000,125
8,80000,124
8,82000,124
8,84000,124
8,86000,123
8,88000,123
8,90000,123
8,92000,123
8,94000,123
8,96000,121
8,98000,121
8,100000,120
8,102000,120
8,104000,120
8,106000,120
8,108000,119
8,110000,118
8,112000,117
8,114000,118
8,116000,117
8,118000,116
8,120000,118
8,122000,117
8,124000,117
8,126000,118
8,128000,118
8,130000,119
8,132000,120
8,134000,120
8,136000,122
8,138000,121
8,140000,121
8,142000,122
8,144000,123
8,146000,125
8,148000,125
8,150000,125
8,152000,124
8,154000,124
8,156000,123
8,158000,123
8,160000,122
8,162000,123
8,164000,122
8,166000,122
8,168000,122
8,170000,123
8,172000,125
8,174000,126
8,176000,126
8,178000,128
8,180000,127
8,182000,127
8,184000,128
8,186000,130
8,188000,131
8,190000,131
8,192000,132
8,194000,133
8,196000,132
8,198000,133
8,200000,133
8,202000,132
8,204000,132
8,206000,131
8,208000,131
8,210000,131
8,212000,131
8,214000,131
8,216000,130
8,218000,130
8,220000,130
8,222000,128
8,224000,127
8,226000,125
8,228000,125
8,230000,124
8,232000,122
8,234000,121
8,236000,122
8,238000,121
8,240000,122
8,242000,121
8,244000,122
8,246000,122
8,248000,123
8,250000,124
8,252000,124
8,254000,125
8,256000,126
8,258000,126
8,260000,126
8,262000,126
8,264000,127
8,266000,185
8,268000,128
8,270000,126
8,272000,126
8,274000,124
8,276000,122
8,278000,121
8,280000,121
8,282000,120
8,284000,119
8,286000,118
8,288000,117
8,290000,117
8,292000,118
8,294000,119
8,296000,119
8,298000,120
8,300000,120
8,302000,121
8,304000,122
8,306000,123
8,308000,123
8,310000,123
8,312000,123
8,314000,124
8,316000,125
8,318000,126
8,320000,127
8,322000,128
8,324000,129
8,326000,129
8,328000,130
8,330000,130
8,332000,130
8,334000,129
8,336000,130
8,338000,129
8,340000,128
8,342000,127
8,344000,127
8,346000,129
8,348000,125
8,350000,124
8,352000,124
8,354000,123
8,356000,124
8,358000,124
8,360000,124
8,362000,125
8,364000,125
8,366000,126
8,368000,127
8,370000,125
8,372000,125
8,374000,131
8,376000,124
8,378000,123
8,380000,124
8,382000,123
8,384000,123
8,386000,122
8,388000,122
8,390000,122
8,392000,121
8,394000,123
8,396000,125
8,398000,126
8,400000,127
8,402000,130
8,404000,130
8,406000,129
8,408000,128
8,410000,129
8,412000,127
8,414000,127
8,416000,127
8,418000,126
8,420000,126
8,422000,125
8,424000,124
8,426000,123
8,428000,122
8,430000,121
8,432000,121
8,434000,121
8,436000,120
8,438000,119
8,440000,118
8,442000,117
8,444000,117
8,446000,116
8,448000,118
8,450000,119
8,452000,119
8,454000,120
8,456000,120
8,458000,122
8,460000,123
8,462000,123
8,464000,123
8,466000,123
8,468000,124
8,470000,124
8,472000,125
8,474000,126
8,476000,126
8,478000,126
8,480000,126
8,482000,126
8,484000,125
8,486000,124
8,488000,124
8,490000,124
8,492000,124
8,494000,123
8,496000,123
8,498000,123
8,500000,124
8,502000,124
8,504000,126
8,506000,125
8,508000,125
8,510000,125
8,512000,126
8,514000,125
8,516000,130
8,518000,124
8,520000,124
8,522000,124
8,524000,124
8,526000,124
8,528000,124
8,530000,124
8,532000,124
8,534000,124
8,536000,124
8,538000,124
8,540000,124
8,542000,124
8,544000,124
8,546000,124
8,548000,124
8,550000,124
8,552000,124
9,0,125
9,2000,125
9,4000,126
9,6000,126
9,8000,127
9,10000,127
9,12000,128
9,14000,128
9,16000,129
9,18000,129
9,20000,130
9,22000,131
9,24000,131
9,26000,130
9,28000,128
9,30000,127
9,32000,127
9,34000,128
9,36000,129
9,38000,130
9,40000,129
9,42000,130
9,44000,129
9,46000,129
9,48000,129
9,50000,127
9,52000,126
9,54000,126
9,56000,126
9,58000,125
9,60000,124
9,62000,123
9,64000,122
9,66000,122
9,68000,121
9,70000,120
9,72000,122
9,74000,121
9,76000,121
9,78000,122
9,80000,123
9,82000,122
9,84000,122
9,86000,123
9,88000,121
9,90000,120
9,92000,120
9,94000,119
9,96000,119
9,98000,118
9,100000,119
9,102000,120
9,104000,120
9,106000,120
9,108000,121
9,110000,121
9,112000,122
9,114000,123
9,116000,124
9,118000,124
9,120000,125
9,122000,126
9,124000,125
9,126000,129
9,128000,126
9,130000,128
9,132000,130
9,134000,132
9,136000,131
9,138000,130
9,140000,128
9,142000,128
9,144000,128
9,146000,129
9,148000,129
9,150000,128
9,152000,128
9,154000,128
9,156000,127
9,158000,128
9,160000,128
9,162000,126
9,164000,125
9,166000,124
9,168000,124
9,170000,124
9,172000,124
9,174000,125
9,176000,126
9,178000,126
9,180000,126
9,182000,126
9,184000,125
9,186000,126
9,188000,125
9,190000,125
9,192000,124
9,194000,125
9,196000,124
9,198000,123
9,200000,124
9,202000,121
9,204000,118
9,206000,117
9,208000,117
9,210000,118
9,212000,117
9,214000,117
9,216000,119
9,218000,120
9,220000,123
9,222000,123
9,224000,124
9,226000,124
9,228000,122
9,230000,122
9,232000,121
9,234000,120
9,236000,120
9,238000,119
9,240000,117
9,242000,118
9,244000,118
9,246000,119
9,248000,118
9,250000,120
9,252000,122
9,254000,124
9,256000,124
9,258000,124
9,260000,124
9,262000,125
9,264000,130
9,266000,132
9,268000,130
9,270000,129
9,272000,129
9,274000,130
9,276000,131
9,278000,132
9,280000,131
9,282000,131
9,284000,130
9,286000,129
9,288000,129
9,290000,128
9,292000,128
9,294000,127
9,296000,126
9,298000,126
9,300000,126
9,302000,124
9,304000,124
9,306000,124
9,308000,123
9,310000,122
9,312000,123
9,314000,125
9,316000,126
9,318000,127
9,320000,126
9,322000,125
9,324000,124
9,326000,122
9,328000,122
9,330000,120
9,332000,118
9,334000,117
9,336000,117
9,338000,117
9,340000,118
9,342000,118
9,344000,119
9,346000,119
9,348000,119
9,350000,119
9,352000,119
9,354000,119
9,356000,121
9,358000,121
9,360000,120
9,362000,122
9,364000,123
9,366000,123
9,368000,123
9,370000,124
9,372000,124
9,374000,126
9,376000,127
9,378000,128
9,380000,128
9,382000,137
9,384000,127
9,386000,131
9,388000,124
9,390000,122
9,392000,121
9,394000,121
9,396000,119
9,398000,119
9,400000,118
9,402000,118
9,404000,118
9,406000,117
9,408000,119
9,410000,117
9,412000,119
9,414000,119
9,416000,118
9,418000,119
9,420000,120
9,422000,122
9,424000,123
9,426000,124
9,428000,125
10,0,130
10,2000,130
10,4000,130
10,6000,130
10,8000,130
10,10000,130
10,12000,130
10,14000,130
10,16000,130
10,18000,130
10,20000,130
10,22000,131
10,24000,131
10,26000,130
10,28000,130
10,30000,130
10,32000,131
10,34000,130
10,36000,130
10,38000,130
10,40000,130
10,42000,129
10,44000,128
10,46000,186
10,48000,126
10,50000,125
10,52000,123
10,54000,122
10,56000,121
10,58000,120
10,60000,120
10,62000,120
10,64000,121
10,66000,121
10,68000,121
10,70000,122
10,72000,122
10,74000,123
10,76000,124
10,78000,124
10,80000,124
10,82000,124
10,84000,122
10,86000,121
10,88000,120
10,90000,119
10,92000,119
10,94000,120
10,96000,120
10,98000,120
10,100000,121
10,102000,121
10,104000,122
10,106000,123
10,108000,122
10,110000,122
10,112000,123
10,114000,126
10,116000,127
10,118000,136
10,120000,131
10,122000,131
10,124000,130
10,126000,130
10,128000,131
10,130000,131
10,132000,131
10,134000,132
10,136000,132
10,138000,131
10,140000,130
10,142000,130
10,144000,130
10,146000,130
10,148000,131
10,150000,131
10,152000,131
10,154000,128
10,156000,128
10,158000,125
10,160000,125
10,162000,134
10,164000,125
10,166000,124
10,168000,125
10,170000,125
10,172000,128
10,174000,127
10,176000,127
10,178000,127
10,180000,126
10,182000,123
10,184000,122
10,186000,119
10,188000,118
10,190000,117
10,192000,115
10,194000,115
10,196000,116
10,198000,117
10,200000,118
10,202000,118
10,204000,119
10,206000,119
10,208000,120
10,210000,120
10,212000,121
10,214000,121
10,216000,121
10,218000,122
10,220000,122
10,222000,122
10,224000,121
10,226000,122
10,228000,122
10,230000,123
10,232000,123
10,234000,123
10,236000,123
10,238000,124
10,240000,124
10,242000,125
10,244000,126
10,246000,128
10,248000,129
10,250000,129
10,252000,130
10,254000,131
10,256000,132
10,258000,133
10,260000,134
10,262000,134
10,264000,134
10,266000,134
10,268000,134
10,270000,133
10,272000,133
10,274000,132
10,276000,131
10,278000,130
10,280000,129
10,282000,128
10,284000,129
10,286000,131
10,288000,130
10,290000,135
10,292000,126
10,294000,127
10,296000,127
10,298000,128
10,300000,129
10,302000,129
10,304000,129
10,306000,129
10,308000,129
10,310000,129
10,312000,129
10,314000,130
10,316000,130
10,318000,131
10,320000,130
10,322000,130
10,324000,128
10,326000,127
10,328000,126
10,330000,124
10,332000,124
10,334000,123
10,336000,124
10,338000,123
10,340000,125
10,342000,125
10,344000,126
10,346000,127
10,348000,126
10,350000,125
10,352000,123
10,354000,121
10,356000,120
10,358000,119
10,360000,119
10,362000,120
10,364000,119
10,366000,118
10,368000,118
10,370000,118
10,372000,118
10,374000,118
10,376000,118
10,378000,119
10,380000,121
10,382000,121
10,384000,121
10,386000,122
10,388000,123
10,390000,124
10,392000,124
10,394000,123
10,396000,123
10,398000,121
10,400000,120
10,402000,120
10,404000,119
10,406000,117
10,408000,118
10,410000,119
10,412000,120
10,414000,119
10,416000,119
10,418000,118
10,420000,119
10,422000,120
10,424000,121
10,426000,122
10,428000,122
10,430000,120
10,432000,120
10,434000,119
10,436000,119
10,438000,119
10,440000,120
10,442000,121
10,444000,120
10,446000,120
10,448000,120
10,450000,120
10,452000,120
10,454000,121
10,456000,120
10,458000,120
10,460000,121
10,462000,122
10,464000,122
10,466000,123
10,468000,124
10,470000,125
10,472000,126
10,474000,128
10,476000,129
10,478000,130
10,480000,131
10,482000,133
10,484000,133
10,486000,132
10,488000,132
10,490000,132
10,492000,132
10,494000,132
10,496000,131
10,498000,130
10,500000,130
10,502000,129
10,504000,129
10,506000,128
10,508000,127
10,510000,126
10,512000,125
10,514000,124
10,516000,123
10,518000,122
10,520000,121
10,522000,121
10,524000,120
10,526000,119
10,528000,119
10,530000,119
10,532000,119
10,534000,120
10,536000,119
10,538000,118
10,540000,119
10,542000,119
10,544000,119
10,546000,120
10,548000,120
10,550000,121
10,552000,122
10,554000,123
10,556000,125
10,558000,125
10,560000,126
10,562000,127
10,564000,128
10,566000,129
10,568000,129
10,570000,129
10,572000,130
10,574000,129
10,576000,129
10,578000,129
10,580000,128
10,582000,127
10,584000,125
10,586000,125
10,588000,124
10,590000,122
10,592000,122
10,594000,121
10,596000,121
10,598000,121
10,600000,121
10,602000,118
10,604000,117
10,606000,117
10,608000,117
10,610000,117
10,612000,118
10,614000,117
10,616000,117
10,618000,118
10,620000,119
10,622000,120
10,624000,122
10,626000,123
10,628000,124
10,630000,124
10,632000,125
10,634000,125
10,636000,130
10,638000,125
10,640000,129
10,642000,125
10,644000,123
10,646000,123
10,648000,122
10,650000,122
10,652000,122
10,654000,123
10,656000,123
10,658000,123
10,660000,122
10,662000,122
10,664000,121
10,666000,121
10,668000,120
10,670000,120
10,672000,120
10,674000,118
10,676000,117
10,678000,116
10,680000,116
10,682000,115
10,684000,118
10,686000,119
10,688000,119
10,690000,119
10,692000,120
10,694000,120
10,696000,120
10,698000,122
10,700000,123
10,702000,126
10,704000,126
10,706000,126
10,708000,128
10,710000,128
10,712000,128
10,714000,128
10,716000,131
10,718000,131
10,720000,131
10,722000,131
10,724000,131
10,726000,131
10,728000,131
10,730000,131
10,732000,131
10,734000,131
11,0,132
11,2000,131
11,4000,130
11,6000,129
11,8000,132
11,10000,132
11,12000,129
11,14000,131
11,16000,127
11,18000,128
11,20000,127
11,22000,127
11,24000,126
11,26000,126
11,28000,125
11,30000,124
11,32000,123
11,34000,122
11,36000,122
11,38000,122
11,40000,121
11,42000,121
11,44000,120
11,46000,119
11,48000,118
11,50000,119
11,52000,118
11,54000,118
11,56000,119
11,58000,120
11,60000,119
11,62000,120
11,64000,121
11,66000,122
11,68000,123
11,70000,124
11,72000,125
11,74000,125
11,76000,125
11,78000,125
11,80000,125
11,82000,124
11,84000,124
11,86000,123
11,88000,121
11,90000,119
11,92000,120
11,94000,121
11,96000,121
11,98000,121
11,100000,122
11,102000,122
11,104000,123
11,106000,125
11,108000,125
11,110000,125
11,112000,127
11,114000,127
11,116000,127
11,118000,128
11,120000,128
11,122000,128
11,124000,128
11,126000,128
11,128000,128
11,130000,127
11,132000,127
11,134000,128
11,136000,126
11,138000,125
11,140000,123
11,142000,121
11,144000,122
11,146000,121
11,148000,120
11,150000,120
11,152000,119
11,154000,120
11,156000,121
11,158000,122
11,160000,123
11,162000,124
11,164000,125
11,166000,134
11,168000,127
11,170000,128
11,172000,128
11,174000,130
11,176000,130
11,178000,130
11,180000,129
11,182000,128
11,184000,128
11,186000,127
11,188000,127
11,190000,126
11,192000,126
11,194000,126
11,196000,126
11,198000,125
11,200000,124
11,202000,122
11,204000,121
11,206000,120
11,208000,120
11,210000,121
11,212000,121
11,214000,121
11,216000,122
11,218000,123
11,220000,123
11,222000,127
11,224000,135
11,226000,128
11,228000,133
11,230000,129
11,232000,127
11,234000,127
11,236000,126
11,238000,126
11,240000,125
11,242000,125
11,244000,124
11,246000,123
11,248000,122
11,250000,122
11,252000,121
11,254000,122
11,256000,122
11,258000,123
11,260000,124
11,262000,125
11,264000,126
11,266000,126
11,268000,125
11,270000,125
11,272000,125
11,274000,124
11,276000,124
11,278000,123
11,280000,122
11,282000,121
11,284000,120
11,286000,120
11,288000,119
11,290000,120
11,292000,119
11,294000,118
11,296000,118
11,298000,119
11,300000,118
11,302000,118
11,304000,119
11,306000,120
11,308000,121
11,310000,120
11,312000,121
11,314000,121
11,316000,120
11,318000,119
11,320000,117
11,322000,118
11,324000,118
11,326000,118
11,328000,119
11,330000,120
11,332000,119
11,334000,120
11,336000,120
11,338000,122
11,340000,123
11,342000,124
11,344000,125
11,346000,128
11,348000,129
11,350000,130
11,352000,132
11,354000,132
11,356000,132
11,358000,131
11,360000,130
11,362000,129
11,364000,128
11,366000,127
11,368000,126
11,370000,127
11,372000,130
11,374000,125
11,376000,123
11,378000,122
11,380000,117
11,382000,119
11,384000,121
11,386000,120
11,388000,120
11,390000,122
11,392000,122
11,394000,122
11,396000,122
11,398000,123
11,400000,122
11,402000,122
11,404000,122
11,406000,121
11,408000,120
11,410000,120
11,412000,120
11,414000,120
11,416000,120
11,418000,121
11,420000,122
11,422000,122
11,424000,121
11,426000,121
11,428000,120
11,430000,120
11,432000,119
11,434000,119
11,436000,118
11,438000,118
11,440000,118
11,442000,118
11,444000,117
11,446000,117
11,448000,118
11,450000,118
11,452000,118
11,454000,118
11,456000,118
11,458000,119
11,460000,120
11,462000,121
11,464000,121
11,466000,122
11,468000,123
11,470000,123
11,472000,124
11,474000,125
11,476000,126
11,478000,126
11,480000,127
11,482000,129
11,484000,128
11,486000,127
11,488000,127
11,490000,126
11,492000,126
11,494000,125
11,496000,125
11,498000,124
11,500000,122
11,502000,120
11,504000,120
11,506000,119
11,508000,119
11,510000,118
11,512000,117
11,514000,117
11,516000,117
11,518000,117
11,520000,119
11,522000,119
11,524000,120
11,526000,121
11,528000,122
11,530000,123
11,532000,133
11,534000,127
11,536000,128
11,538000,128
11,540000,129
11,542000,129
11,544000,130
11,546000,131
11,548000,133
11,550000,134
11,552000,134
11,554000,134
11,556000,134
11,558000,133
11,560000,132
11,562000,132
11,564000,131
11,566000,129
11,568000,129
11,570000,128
11,572000,126
11,574000,124
11,576000,123
11,578000,123
11,580000,123
11,582000,124
11,584000,124
11,586000,125
11,588000,126
11,590000,126
11,592000,125
11,594000,125
11,596000,124
11,598000,123
11,600000,123
11,602000,124
11,604000,123
11,606000,123
11,608000,122
11,610000,121
11,612000,122
11,614000,123
11,616000,123
11,618000,124
11,620000,125
11,622000,126
11,624000,127
11,626000,127
11,628000,126
11,630000,127
11,632000,127
11,634000,127
11,636000,126
11,638000,127
11,640000,127
11,642000,127
11,644000,128
11,646000,128
11,648000,130
11,650000,131
11,652000,132
11,654000,133
11,656000,133
12,0,125
12,2000,125
12,4000,125
12,6000,125
12,8000,125
12,10000,125
12,12000,126
12,14000,126
12,16000,127
12,18000,126
12,20000,127
12,22000,126
12,24000,136
12,26000,125
12,28000,126
12,30000,126
12,32000,128
12,34000,128
12,36000,127
12,38000,128
12,40000,129
12,42000,127
12,44000,127
12,46000,127
12,48000,126
12,50000,126
12,52000,126
12,54000,127
12,56000,126
12,58000,125
12,60000,125
12,62000,123
12,64000,122
12,66000,121
12,68000,121
12,70000,120
12,72000,121
12,74000,121
12,76000,121
12,78000,121
12,80000,120
12,82000,118
12,84000,118
12,86000,119
12,88000,119
12,90000,120
12,92000,121
12,94000,121
12,96000,120
12,98000,121
12,100000,122
12,102000,123
12,104000,124
12,106000,125
12,108000,126
12,110000,125
12,112000,126
12,114000,126
12,116000,125
12,118000,124
12,120000,122
12,122000,121
12,124000,120
12,126000,119
12,128000,119
12,130000,120
12,132000,120
12,134000,120
12,136000,121
12,138000,121
12,140000,120
12,142000,120
12,144000,119
12,146000,119
12,148000,120
12,150000,119
12,152000,119
12,154000,118
12,156000,118
12,158000,118
12,160000,120
12,162000,122
12,164000,124
12,166000,125
12,168000,126
12,170000,127
12,172000,127
12,174000,128
12,176000,128
12,178000,129
12,180000,130
12,182000,130
12,184000,130
12,186000,130
12,188000,130
12,190000,129
12,192000,129
12,194000,128
12,196000,127
12,198000,127
12,200000,126
12,202000,125
12,204000,124
12,206000,123
12,208000,123
12,210000,122
12,212000,121
12,214000,120
12,216000,119
12,218000,118
12,220000,118
12,222000,119
12,224000,118
12,226000,119
12,228000,122
12,230000,121
12,232000,120
12,234000,118
12,236000,119
12,238000,120
12,240000,120
12,242000,121
12,244000,120
12,246000,120
12,248000,122
12,250000,123
12,252000,123
12,254000,132
12,256000,126
12,258000,128
12,260000,128
12,262000,129
12,264000,130
12,266000,130
12,268000,129
12,270000,129
12,272000,128
12,274000,128
12,276000,127
12,278000,126
12,280000,130
12,282000,125
12,284000,125
12,286000,125
12,288000,126
12,290000,126
12,292000,126
12,294000,126
12,296000,126
12,298000,128
12,300000,131
12,302000,131
12,304000,132
12,306000,133
12,308000,133
12,310000,133
12,312000,133
12,314000,133
12,316000,132
12,318000,132
12,320000,132
12,322000,131
12,324000,130
12,326000,130
12,328000,128
12,330000,127
12,332000,127
12,334000,128
12,336000,127
12,338000,125
12,340000,126
12,342000,125
12,344000,124
12,346000,123
12,348000,123
12,350000,122
12,352000,121
12,354000,121
12,356000,121
12,358000,120
12,360000,119
12,362000,119
12,364000,120
12,366000,121
12,368000,121
12,370000,120
12,372000,118
12,374000,117
12,376000,119
12,378000,119
12,380000,120
12,382000,121
12,384000,121
12,386000,121
12,388000,122
12,390000,122
12,392000,121
12,394000,121
12,396000,121
12,398000,120
12,400000,121
12,402000,119
12,404000,118
12,406000,117
12,408000,118
12,410000,119
12,412000,119
12,414000,119
12,416000,118
12,418000,118
12,420000,120
12,422000,121
12,424000,122
12,426000,122
12,428000,124
12,430000,124
12,432000,125
12,434000,125
12,436000,125
12,438000,123
12,440000,122
12,442000,121
12,444000,120
12,446000,120
12,448000,120
12,450000,120
12,452000,120
12,454000,121
12,456000,121
12,458000,121
12,460000,121
12,462000,122
12,464000,122
12,466000,122
12,468000,122
12,470000,122
12,472000,123
12,474000,123
12,476000,123
12,478000,123
12,480000,124
12,482000,124
12,484000,124
12,486000,124
12,488000,125
12,490000,125
12,492000,122
12,494000,121
12,496000,120
12,498000,119
12,500000,119
12,502000,119
12,504000,118
12,506000,117
12,508000,117
12,510000,118
12,512000,119
12,514000,118
12,516000,119
12,518000,120
12,520000,120
12,522000,120
12,524000,122
12,526000,123
12,528000,123
12,530000,124
12,532000,126
12,534000,129
12,536000,129
12,538000,130
12,540000,130
12,542000,130
12,544000,130
12,546000,131
12,548000,131
12,550000,132
12,552000,132
12,554000,130
12,556000,129
12,558000,129
12,560000,129
12,562000,128
12,564000,128
12,566000,126
12,568000,125
12,570000,124
12,572000,122
12,574000,121
12,576000,122
12,578000,121
12,580000,121
12,582000,121
12,584000,121
12,586000,119
12,588000,118
12,590000,118
12,592000,118
12,594000,118
12,596000,118
12,598000,118
12,600000,119
12,602000,120
12,604000,122
12,606000,119
12,608000,120
12,610000,121
12,612000,121
12,614000,121
12,616000,121
12,618000,121
12,620000,122
12,622000,123
12,624000,123
12,626000,123
12,628000,124
12,630000,123
12,632000,122
12,634000,122
12,636000,122
12,638000,121
12,640000,121
12,642000,121
12,644000,120
12,646000,120
12,648000,119
12,650000,119
12,652000,118
12,654000,118
12,656000,119
12,658000,120
12,660000,120
12,662000,119
12,664000,121
12,666000,123
12,668000,123
12,670000,123
12,672000,124
12,674000,124
12,676000,124
12,678000,125
12,680000,127
12,682000,127
12,684000,127
12,686000,128
12,688000,129
12,690000,128
12,692000,128
12,694000,128
12,696000,128
12,698000,127
12,700000,127
12,702000,128
12,704000,128
12,706000,127
12,708000,125
12,710000,125
12,712000,123
12,714000,123
12,716000,123
12,718000,121
12,720000,120
12,722000,118
12,724000,118
12,726000,118
12,728000,119
12,730000,117
12,732000,119
12,734000,119
12,736000,118
12,738000,118
12,740000,118
12,742000,118
12,744000,119
12,746000,120
12,748000,120
12,750000,120
12,752000,120
12,754000,122
12,756000,122
12,758000,123
12,760000,124
12,762000,124
12,764000,125
12,766000,126
12,768000,126
12,770000,125
12,772000,125
12,774000,125
12,776000,123
12,778000,122
12,780000,121
12,782000,121
12,784000,120
12,786000,120
12,788000,119
12,790000,120
12,792000,121
12,794000,121
12,796000,120
12,798000,121
12,800000,122
12,802000,122
12,804000,122
12,806000,121
12,808000,121
12,810000,121
12,812000,122
12,814000,125
12,816000,124
12,818000,124
12,820000,123
12,822000,125
12,824000,126
12,826000,132
12,828000,129
12,830000,130
12,832000,130
12,834000,130
12,836000,132
12,838000,133
12,840000,133
12,842000,133
12,844000,134
12,846000,134
12,848000,134
12,850000,134
12,852000,134
12,854000,134
12,856000,133
12,858000,133
12,860000,132
12,862000,131
12,864000,131
12,866000,130
12,868000,130
12,870000,129
12,872000,128
12,874000,126
12,876000,126
12,878000,125
12,880000,125
12,882000,124
12,884000,123
12,886000,124
12,888000,123
12,890000,124
12,892000,125
12,894000,127
12,896000,127
12,898000,129
12,900000,129
12,902000,130
12,904000,130
12,906000,130
12,908000,129
12,910000,128
12,912000,128
12,914000,127
12,916000,126
12,918000,124
12,920000,124
12,922000,123
12,924000,125
12,926000,125
12,928000,125
12,930000,132
12,932000,125
12,934000,125
12,936000,125
12,938000,125
12,940000,125
12,942000,125
12,944000,125
12,946000,135
12,948000,126
12,950000,127
12,952000,128
12,954000,129
12,956000,129
12,958000,130
12,960000,130
12,962000,132
12,964000,132
12,966000,132
12,968000,133
12,970000,132
12,972000,132
12,974000,131
12,976000,131
12,978000,130
12,980000,130
12,982000,129
12,984000,129
12,986000,128
12,988000,126
12,990000,125
12,992000,124
12,994000,123
12,996000,122
12,998000,122
12,1000000,122
12,1002000,121
12,1004000,121
12,1006000,121
12,1008000,121
12,1010000,122
12,1012000,123
12,1014000,123
12,1016000,124
12,1018000,124
12,1020000,124
12,1022000,135
12,1024000,134
12,1026000,126
12,1028000,127
12,1030000,129
12,1032000,130
12,1034000,130
12,1036000,130
12,1038000,130
12,1040000,129
12,1042000,128
12,1044000,127
12,1046000,126
12,1048000,125
12,1050000,125
12,1052000,124
12,1054000,124
12,1056000,123
12,1058000,123
12,1060000,123
12,1062000,123
12,1064000,123
12,1066000,123
12,1068000,123
13,0,126
13,2000,126
13,4000,126
13,6000,126
13,8000,125
13,10000,123
13,12000,121
13,14000,120
13,16000,117
13,18000,117
13,20000,118
13,22000,117
13,24000,117
13,26000,117
13,28000,119
13,30000,119
13,32000,120
13,34000,120
13,36000,119
13,38000,119
13,40000,120
13,42000,121
13,44000,121
13,46000,123
13,48000,124
13,50000,126
13,52000,126
13,54000,128
13,56000,129
13,58000,129
13,60000,128
13,62000,128
13,64000,128
13,66000,128
13,68000,128
13,70000,126
13,72000,126
13,74000,125
13,76000,124
13,78000,124
13,80000,123
13,82000,123
13,84000,122
13,86000,122
13,88000,122
13,90000,121
13,92000,120
13,94000,120
13,96000,120
13,98000,121
13,100000,122
13,102000,124
13,104000,124
13,106000,125
13,108000,125
13,110000,126
13,112000,124
13,114000,123
13,116000,123
13,118000,122
13,120000,121
13,122000,120
13,124000,120
13,126000,118
13,128000,118
13,130000,117
13,132000,117
13,134000,117
13,136000,118
13,138000,118
13,140000,119
13,142000,120
13,144000,121
13,146000,122
13,148000,122
13,150000,122
13,152000,122
13,154000,121
13,156000,121
13,158000,121
13,160000,120
13,162000,121
13,164000,120
13,166000,118
13,168000,118
13,170000,118
13,172000,118
13,174000,119
13,176000,120
13,178000,120
13,180000,121
13,182000,121
13,184000,122
13,186000,122
13,188000,123
13,190000,124
13,192000,124
13,194000,125
13,196000,125
13,198000,126
13,200000,127
13,202000,126
13,204000,126
13,206000,126
13,208000,126
13,210000,126
13,212000,135
13,214000,126
13,216000,126
13,218000,124
13,220000,124
13,222000,126
13,224000,126
13,226000,125
13,228000,126
13,230000,126
13,232000,125
13,234000,124
13,236000,123
13,238000,122
13,240000,121
13,242000,120
13,244000,120
13,246000,121
13,248000,120
13,250000,119
13,252000,118
13,254000,118
13,256000,118
13,258000,117
13,260000,119
13,262000,119
13,264000,120
13,266000,120
13,268000,120
13,270000,119
13,272000,120
13,274000,119
13,276000,120
13,278000,118
13,280000,119
13,282000,120
13,284000,117
13,286000,118
13,288000,119
13,290000,120
13,292000,120
13,294000,121
13,296000,121
13,298000,121
13,300000,122
13,302000,124
13,304000,125
13,306000,127
13,308000,127
13,310000,127
13,312000,128
13,314000,129
13,316000,130
13,318000,131
13,320000,132
13,322000,132
13,324000,132
13,326000,132
13,328000,132
13,330000,131
13,332000,130
13,334000,130
13,336000,129
13,338000,129
13,340000,128
13,342000,127
13,344000,126
13,346000,126
13,348000,125
13,350000,124
13,352000,123
13,354000,122
13,356000,121
13,358000,120
13,360000,119
13,362000,119
13,364000,118
13,366000,118
13,368000,119
13,370000,119
13,372000,120
13,374000,120
13,376000,121
13,378000,122
13,380000,122
13,382000,123
13,384000,124
13,386000,125
13,388000,126
13,390000,129
13,392000,130
13,394000,131
13,396000,131
13,398000,131
13,400000,129
13,402000,129
13,404000,130
13,406000,130
13,408000,130
13,410000,131
13,412000,131
13,414000,130
13,416000,129
13,418000,126
13,420000,123
13,422000,123
13,424000,121
13,426000,121
13,428000,121
13,430000,122
13,432000,123
13,434000,124
13,436000,124
13,438000,125
13,440000,125
13,442000,126
13,444000,128
13,446000,128
13,448000,128
13,450000,128
13,452000,128
13,454000,129
13,456000,130
13,458000,129
13,460000,129
13,462000,128
13,464000,125
13,466000,126
13,468000,126
13,470000,126
13,472000,128
13,474000,133
13,476000,137
13,478000,128
13,480000,128
13,482000,127
13,484000,128
13,486000,127
13,488000,127
13,490000,127
13,492000,126
13,494000,125
13,496000,126
13,498000,126
13,500000,126
13,502000,128
13,504000,126
13,506000,126
13,508000,126
13,510000,125
13,512000,124
13,514000,124
13,516000,123
13,518000,121
13,520000,121
13,522000,120
13,524000,120
13,526000,120
13,528000,120
13,530000,119
13,532000,119
13,534000,119
13,536000,119
13,538000,120
13,540000,121
13,542000,121
13,544000,121
13,546000,122
13,548000,121
13,550000,121
13,552000,121
13,554000,122
13,556000,123
13,558000,124
13,560000,125
13,562000,128
13,564000,127
13,566000,128
13,568000,129
13,570000,130
13,572000,130
13,574000,129
13,576000,129
13,578000,129
13,580000,129
13,582000,129
13,584000,128
13,586000,127
13,588000,126
13,590000,125
13,592000,124
13,594000,124
13,596000,125
13,598000,123
13,600000,123
13,602000,123
13,604000,122
13,606000,121
13,608000,122
13,610000,121
13,612000,121
13,614000,122
13,616000,122
13,618000,123
13,620000,125
13,622000,125
13,624000,124
13,626000,123
13,628000,123
13,630000,121
13,632000,121
13,634000,121
13,636000,120
13,638000,119
13,640000,118
13,642000,119
13,644000,117
13,646000,118
13,648000,118
13,650000,117
13,652000,117
13,654000,119
13,656000,121
13,658000,121
13,660000,122
13,662000,124
13,664000,123
13,666000,123
13,668000,125
13,670000,125
13,672000,126
13,674000,127
13,676000,126
13,678000,126
13,680000,125
13,682000,125
13,684000,124
13,686000,124
13,688000,124
13,690000,125
13,692000,126
13,694000,126
13,696000,127
13,698000,129
13,700000,130
13,702000,130
13,704000,131
13,706000,131
13,708000,132
13,710000,133
13,712000,133
13,714000,134
13,716000,134
13,718000,134
13,720000,133
13,722000,133
13,724000,134
13,726000,133
13,728000,144
13,730000,135
13,732000,135
13,734000,135
13,736000,134
13,738000,132
13,740000,129
13,742000,129
13,744000,128
13,746000,127
13,748000,125
13,750000,124
13,752000,122
13,754000,122
13,756000,123
13,758000,123
13,760000,124
13,762000,126
13,764000,126
13,766000,135
13,768000,127
13,770000,129
13,772000,129
13,774000,130
13,776000,130
13,778000,128
13,780000,127
13,782000,127
13,784000,126
13,786000,125
13,788000,124
13,790000,123
13,792000,122
13,794000,121
13,796000,121
13,798000,121
13,800000,120
13,802000,119
13,804000,119
13,806000,117
13,808000,117
13,810000,118
13,812000,118
13,814000,118
13,816000,121
13,818000,120
13,820000,120
13,822000,120
13,824000,120
13,826000,121
13,828000,122
13,830000,123
13,832000,124
13,834000,124
13,836000,125
13,838000,125
13,840000,126
13,842000,126
13,844000,127
13,846000,128
13,848000,129
13,850000,129
13,852000,130
13,854000,130
13,856000,128
13,858000,127
13,860000,127
13,862000,126
13,864000,126
13,866000,125
13,868000,124
13,870000,123
13,872000,123
13,874000,122
13,876000,122
13,878000,122
13,880000,121
13,882000,119
13,884000,121
13,886000,119
13,888000,119
13,890000,118
13,892000,119
13,894000,118
13,896000,119
13,898000,118
13,900000,118
13,902000,118
13,904000,119
13,906000,120
13,908000,121
13,910000,120
13,912000,120
13,914000,120
14,0,131
14,2000,131
14,4000,131
14,6000,131
14,8000,131
14,10000,131
14,12000,131
14,14000,131
14,16000,130
14,18000,130
14,20000,130
14,22000,130
14,24000,129
14,26000,130
14,28000,131
14,30000,130
14,32000,130
14,34000,130
14,36000,130
14,38000,128
14,40000,127
14,42000,126
14,44000,126
14,46000,124
14,48000,124
14,50000,122
14,52000,121
14,54000,120
14,56000,119
14,58000,119
14,60000,120
14,62000,122
14,64000,123
14,66000,124
14,68000,124
14,70000,124
14,72000,123
14,74000,122
14,76000,121
14,78000,120
14,80000,119
14,82000,119
14,84000,120
14,86000,119
14,88000,119
14,90000,120
14,92000,121
14,94000,122
14,96000,123
14,98000,124
14,100000,126
14,102000,137
14,104000,128
14,106000,129
14,108000,130
14,110000,129
14,112000,129
14,114000,127
14,116000,126
14,118000,125
14,120000,133
14,122000,135
14,124000,125
14,126000,125
14,128000,126
14,130000,127
14,132000,127
14,134000,128
14,136000,130
14,138000,130
14,140000,131
14,142000,131
14,144000,131
14,146000,131
14,148000,131
14,150000,130
14,152000,129
14,154000,127
14,156000,126
14,158000,125
14,160000,125
14,162000,124
14,164000,123
14,166000,123
14,168000,124
14,170000,125
14,172000,126
14,174000,126
14,176000,126
14,178000,126
14,180000,125
14,182000,125
14,184000,127
14,186000,124
14,188000,124
14,190000,124
14,192000,123
14,194000,123
14,196000,124
14,198000,125
14,200000,127
14,202000,133
14,204000,129
14,206000,129
14,208000,130
14,210000,130
14,212000,138
14,214000,131
14,216000,139
14,218000,138
14,220000,132
14,222000,131
14,224000,133
14,226000,129
14,228000,128
14,230000,126
14,232000,126
14,234000,125
14,236000,124
14,238000,123
14,240000,123
14,242000,123
14,244000,123
14,246000,123
14,248000,124
14,250000,124
14,252000,124
14,254000,124
14,256000,124
14,258000,125
14,260000,124
14,262000,124
14,264000,123
14,266000,123
14,268000,122
14,270000,123
14,272000,122
14,274000,122
14,276000,122
14,278000,123
14,280000,123
14,282000,124
14,284000,124
14,286000,124
14,288000,123
14,290000,123
14,292000,123
14,294000,122
14,296000,121
14,298000,121
14,300000,120
14,302000,120
14,304000,121
14,306000,120
14,308000,120
14,310000,119
14,312000,118
14,314000,117
14,316000,118
14,318000,118
14,320000,118
14,322000,119
14,324000,119
14,326000,119
14,328000,119
14,330000,119
14,332000,120
14,334000,121
14,336000,122
14,338000,123
14,340000,122
14,342000,122
14,344000,124
14,346000,125
14,348000,126
14,350000,127
14,352000,127
14,354000,131
14,356000,126
14,358000,126
14,360000,127
14,362000,127
14,364000,128
14,366000,130
14,368000,137
14,370000,131
14,372000,133
14,374000,133
14,376000,133
14,378000,134
14,380000,134
14,382000,133
14,384000,132
14,386000,131
14,388000,128
14,390000,127
14,392000,127
14,394000,126
14,396000,126
14,398000,125
14,400000,123
14,402000,122
14,404000,121
14,406000,120
14,408000,121
14,410000,122
14,412000,122
14,414000,123
14,416000,125
14,418000,126
14,420000,125
14,422000,126
14,424000,131
14,426000,126
14,428000,126
14,430000,126
14,432000,125
14,434000,124
14,436000,123
14,438000,122
14,440000,122
14,442000,122
14,444000,122
14,446000,122
14,448000,123
14,450000,123
14,452000,124
14,454000,125
14,456000,126
14,458000,132
14,460000,126
14,462000,128
14,464000,130
14,466000,130
14,468000,130
14,470000,130
14,472000,129
14,474000,127
14,476000,126
14,478000,125
14,480000,134
14,482000,124
14,484000,122
14,486000,122
14,488000,121
14,490000,120
14,492000,120
14,494000,119
14,496000,120
14,498000,121
14,500000,121
14,502000,121
14,504000,121
14,506000,123
14,508000,124
14,510000,125
14,512000,125
14,514000,124
14,516000,124
14,518000,123
14,520000,123
14,522000,123
14,524000,123
14,526000,123
14,528000,122
14,530000,122
14,532000,122
14,534000,121
14,536000,122
14,538000,121
14,540000,122
14,542000,122
14,544000,121
14,546000,121
14,548000,120
14,550000,119
14,552000,119
14,554000,119
14,556000,119
14,558000,119
14,560000,119
14,562000,119
14,564000,119
14,566000,119
14,568000,119
14,570000,120
14,572000,121
14,574000,121
14,576000,122
14,578000,122
14,580000,123
14,582000,123
14,584000,122
14,586000,122
14,588000,122
14,590000,121
14,592000,121
14,594000,121
14,596000,120
14,598000,117
14,600000,117
14,602000,118
14,604000,119
14,606000,119
14,608000,120
14,610000,120
14,612000,120
14,614000,120
14,616000,121
14,618000,122
14,620000,122
14,622000,122
14,624000,122
14,626000,121
14,628000,120
14,630000,119
14,632000,119
14,634000,119
14,636000,119
14,638000,120
14,640000,120
14,642000,120
14,644000,119
14,646000,120
14,648000,122
14,650000,123
14,652000,124
14,654000,134
14,656000,126
14,658000,134
14,660000,128
14,662000,129
14,664000,129
14,666000,128
14,668000,128
14,670000,127
14,672000,127
14,674000,131
14,676000,125
14,678000,124
14,680000,123
14,682000,122
14,684000,121
14,686000,119
14,688000,120
14,690000,120
14,692000,121
14,694000,122
14,696000,124
14,698000,126
14,700000,127
14,702000,126
14,704000,124
14,706000,123
14,708000,124
14,710000,135
14,712000,124
14,714000,124
14,716000,126
14,718000,128
14,720000,128
14,722000,128
14,724000,127
14,726000,125
14,728000,124
14,730000,124
14,732000,123
14,734000,124
14,736000,124
14,738000,125
14,740000,125
14,742000,126
14,744000,126
14,746000,127
14,748000,127
14,750000,127
14,752000,127
14,754000,126
14,756000,125
14,758000,125
14,760000,125
14,762000,125
14,764000,125
14,766000,125
14,768000,125
14,770000,125
14,772000,125
14,774000,125
15,0,130
15,2000,130
15,4000,128
15,6000,127
15,8000,129
15,10000,129
15,12000,129
15,14000,129
15,16000,129
15,18000,129
15,20000,124
15,22000,125
15,24000,123
15,26000,120
15,28000,120
15,30000,120
15,32000,120
15,34000,121
15,36000,122
15,38000,123
15,40000,123
15,42000,123
15,44000,123
15,46000,124
15,48000,125
15,50000,125
15,52000,125
15,54000,130
15,56000,124
15,58000,123
15,60000,123
15,62000,122
15,64000,122
15,66000,121
15,68000,122
15,70000,122
15,72000,120
15,74000,120
15,76000,121
15,78000,120
15,80000,119
15,82000,120
15,84000,121
15,86000,122
15,88000,122
15,90000,123
15,92000,124
15,94000,123
15,96000,122
15,98000,121
15,100000,119
15,102000,119
15,104000,118
15,106000,117
15,108000,118
15,110000,118
15,112000,118
15,114000,119
15,116000,120
15,118000,121
15,120000,122
15,122000,123
15,124000,123
15,126000,124
15,128000,124
15,130000,124
15,132000,125
15,134000,124
15,136000,124
15,138000,125
15,140000,124
15,142000,123
15,144000,123
15,146000,123
15,148000,121
15,150000,120
15,152000,120
15,154000,121
15,156000,121
15,158000,121
15,160000,120
15,162000,118
15,164000,119
15,166000,119
15,168000,119
15,170000,119
15,172000,120
15,174000,121
15,176000,121
15,178000,122
15,180000,123
15,182000,123
15,184000,124
15,186000,124
15,188000,125
15,190000,126
15,192000,126
15,194000,126
15,196000,126
15,198000,126
15,200000,125
15,202000,125
15,204000,124
15,206000,123
15,208000,122
15,210000,122
15,212000,120
15,214000,119
15,216000,117
15,218000,118
15,220000,119
15,222000,119
15,224000,117
15,226000,117
15,228000,118
15,230000,120
15,232000,121
15,234000,121
15,236000,121
15,238000,123
15,240000,123
15,242000,124
15,244000,125
15,246000,126
15,248000,125
15,250000,125
15,252000,124
15,254000,122
15,256000,122
15,258000,121
15,260000,121
15,262000,120
15,264000,119
15,266000,119
15,268000,118
15,270000,116
15,272000,118
15,274000,117
15,276000,117
15,278000,120
15,280000,120
15,282000,120
15,284000,120
15,286000,121
15,288000,123
15,290000,123
15,292000,124
15,294000,123
15,296000,123
15,298000,121
15,300000,121
15,302000,121
15,304000,121
15,306000,121
15,308000,121
15,310000,121
15,312000,121
15,314000,121
15,316000,121
15,318000,121
15,320000,121
15,322000,121
15,324000,120
15,326000,119
15,328000,119
15,330000,118
15,332000,119
15,334000,119
15,336000,119
15,338000,119
15,340000,119
15,342000,118
15,344000,118
15,346000,121
15,348000,122
15,350000,122
15,352000,124
15,354000,125
15,356000,124
15,358000,124
15,360000,126
15,362000,127
15,364000,128
15,366000,129
15,368000,129
15,370000,128
15,372000,128
15,374000,128
15,376000,182
15,378000,131
15,380000,132
15,382000,133
15,384000,133
15,386000,133
15,388000,131
15,390000,131
15,392000,131
15,394000,129
15,396000,129
15,398000,129
15,400000,129
15,402000,128
15,404000,126
15,406000,125
15,408000,124
15,410000,124
15,412000,123
15,414000,122
15,416000,122
15,418000,121
15,420000,120
15,422000,119
15,424000,118
15,426000,120
15,428000,121
15,430000,120
15,432000,120
15,434000,119
15,436000,118
15,438000,118
15,440000,119
15,442000,119
15,444000,121
15,446000,121
15,448000,120
15,450000,120
15,452000,120
15,454000,119
15,456000,119
15,458000,120
15,460000,120
15,462000,120
15,464000,120
15,466000,121
15,468000,121
15,470000,120
15,472000,119
15,474000,119
15,476000,120
15,478000,119
15,480000,120
15,482000,120
15,484000,120
15,486000,119
15,488000,120
15,490000,120
15,492000,120
15,494000,121
15,496000,122
15,498000,122
15,500000,122
15,502000,124
15,504000,125
15,506000,126
15,508000,127
15,510000,128
15,512000,128
15,514000,129
15,516000,129
15,518000,129
15,520000,130
15,522000,130
15,524000,131
15,526000,131
15,528000,133
15,530000,133
15,532000,133
15,534000,132
15,536000,132
15,538000,131
15,540000,129
15,542000,129
15,544000,129
15,546000,128
15,548000,127
15,550000,127
15,552000,126
15,554000,126
15,556000,125
15,558000,125
15,560000,124
15,562000,125
15,564000,127
15,566000,127
15,568000,128
15,570000,131
15,572000,130
15,574000,130
15,576000,130
15,578000,130
15,580000,129
15,582000,128
15,584000,127
15,586000,126
15,588000,125
15,590000,125
15,592000,125
15,594000,124
15,596000,124
15,598000,124
15,600000,126
15,602000,126
15,604000,126
15,606000,126
15,608000,126
15,610000,126
15,612000,126
15,614000,127
15,616000,128
15,618000,129
15,620000,129
15,622000,130
15,624000,131
15,626000,131
15,628000,131
15,630000,131
15,632000,130
15,634000,130
15,636000,130
15,638000,129
15,640000,129
15,642000,128
15,644000,126
15,646000,125
15,648000,125
15,650000,124
15,652000,125
15,654000,125
15,656000,126
15,658000,127
15,660000,127
15,662000,127
15,664000,127
15,666000,133
15,668000,126
15,670000,126
15,672000,126
15,674000,126
15,676000,126
15,678000,126
15,680000,126
15,682000,127
15,684000,127
15,686000,127
15,688000,130
15,690000,130
15,692000,130
15,694000,131
15,696000,132
15,698000,132
15,700000,132
15,702000,132
15,704000,132
15,706000,132
15,708000,133
15,710000,132
15,712000,133
15,714000,132
15,716000,131
15,718000,129
15,720000,128
15,722000,126
15,724000,126
15,726000,134
15,728000,133
15,730000,128
15,732000,129
15,734000,130
15,736000,130
15,738000,130
15,740000,129
15,742000,128
15,744000,127
15,746000,126
15,748000,126
15,750000,126
15,752000,131
15,754000,124
15,756000,123
15,758000,122
15,760000,121
15,762000,122
15,764000,122
15,766000,122
15,768000,121
15,770000,122
15,772000,123
15,774000,122
15,776000,123
15,778000,125
15,780000,125
15,782000,125
15,784000,126
15,786000,127
15,788000,128
15,790000,128
15,792000,130
15,794000,130
15,796000,131
15,798000,132
15,800000,132
15,802000,133
15,804000,134
15,806000,134
15,808000,133
15,810000,134
15,812000,134
15,814000,133
15,816000,134
15,818000,133
15,820000,132
15,822000,131
15,824000,130
15,826000,133
15,828000,131
15,830000,127
15,832000,126
15,834000,127
15,836000,127
15,838000,125
15,840000,125
15,842000,125
15,844000,123
15,846000,123
15,848000,123
15,850000,122
15,852000,123
15,854000,123
15,856000,121
15,858000,121
15,860000,122
15,862000,121
15,864000,120
15,866000,121
15,868000,121
15,870000,121
15,872000,120
15,874000,121
15,876000,120
15,878000,121
15,880000,122
15,882000,123
15,884000,123
15,886000,123
15,888000,122
15,890000,121
15,892000,121
15,894000,121
15,896000,121
15,898000,119
15,900000,118
15,902000,118
15,904000,117
15,906000,118
15,908000,118
15,910000,120
15,912000,120
15,914000,121
15,916000,122
15,918000,122
15,920000,124
15,922000,125
15,924000,126
15,926000,126
15,928000,128
15,930000,128
15,932000,128
15,934000,129
15,936000,129
15,938000,129
15,940000,130
15,942000,130
15,944000,130
15,946000,130
15,948000,131
15,950000,130
15,952000,130
15,954000,134
15,956000,131
15,958000,127
15,960000,127
15,962000,126
15,964000,124
15,966000,123
15,968000,122
15,970000,121
15,972000,120
15,974000,119
15,976000,121
15,978000,119
15,980000,119
15,982000,121
15,984000,122
15,986000,123
15,988000,124
15,990000,124
15,992000,125
15,994000,125
15,996000,126
15,998000,127
15,1000000,128
15,1002000,127
15,1004000,126
15,1006000,126
15,1008000,126
15,1010000,125
15,1012000,131
15,1014000,127
15,1016000,127
15,1018000,127
15,1020000,127
15,1022000,126
15,1024000,124
15,1026000,123
15,1028000,122
15,1030000,121
15,1032000,120
15,1034000,120
15,1036000,119
15,1038000,120
15,1040000,120
15,1042000,122
15,1044000,120
15,1046000,118
15,1048000,118
15,1050000,118
15,1052000,118
15,1054000,118
15,1056000,118
15,1058000,119
15,1060000,121
15,1062000,121
15,1064000,123
15,1066000,123
15,1068000,123
15,1070000,123
15,1072000,123
15,1074000,123
15,1076000,123
15,1078000,123
15,1080000,123
16,0,129
16,2000,129
16,4000,129
16,6000,129
16,8000,129
16,10000,129
16,12000,129
16,14000,129
16,16000,129
16,18000,129
16,20000,129
16,22000,129
16,24000,127
16,26000,127
16,28000,126
16,30000,132
16,32000,124
16,34000,123
16,36000,122
16,38000,121
16,40000,122
16,42000,122
16,44000,124
16,46000,125
16,48000,126
16,50000,124
16,52000,123
16,54000,122
16,56000,121
16,58000,120
16,60000,119
16,62000,119
16,64000,119
16,66000,118
16,68000,118
16,70000,118
16,72000,117
16,74000,117
16,76000,118
16,78000,119
16,80000,119
16,82000,120
16,84000,121
16,86000,122
16,88000,122
16,90000,123
16,92000,124
16,94000,125
16,96000,126
16,98000,126
16,100000,126
16,102000,125
16,104000,126
16,106000,124
16,108000,123
16,110000,122
16,112000,122
16,114000,121
16,116000,122
16,118000,133
16,120000,134
16,122000,134
16,124000,135
16,126000,130
16,128000,131
16,130000,131
16,132000,130
16,134000,129
16,136000,129
16,138000,129
16,140000,128
16,142000,129
16,144000,128
16,146000,134
16,148000,126
16,150000,125
16,152000,123
16,154000,123
16,156000,122
16,158000,122
16,160000,122
16,162000,124
16,164000,125
16,166000,125
16,168000,125
16,170000,126
16,172000,132
16,174000,130
16,176000,130
16,178000,130
16,180000,130
16,182000,131
16,184000,127
16,186000,127
16,188000,135
16,190000,127
16,192000,125
16,194000,125
16,196000,133
16,198000,133
16,200000,124
16,202000,125
16,204000,133
16,206000,128
16,208000,127
16,210000,128
16,212000,126
16,214000,128
16,216000,127
16,218000,128
16,220000,128
16,222000,129
16,224000,129
16,226000,129
16,228000,130
16,230000,129
16,232000,129
16,234000,127
16,236000,126
16,238000,125
16,240000,123
16,242000,123
16,244000,124
16,246000,124
16,248000,125
16,250000,125
16,252000,124
16,254000,123
16,256000,123
16,258000,121
16,260000,122
16,262000,123
16,264000,123
16,266000,122
16,268000,122
16,270000,121
16,272000,121
16,274000,120
16,276000,120
16,278000,118
16,280000,117
16,282000,118
16,284000,118
16,286000,118
16,288000,118
16,290000,118
16,292000,119
16,294000,119
16,296000,118
16,298000,120
16,300000,121
16,302000,122
16,304000,123
16,306000,124
16,308000,124
16,310000,125
16,312000,126
16,314000,126
16,316000,127
16,318000,127
16,320000,128
16,322000,127
16,324000,133
16,326000,126
16,328000,126
16,330000,129
16,332000,131
16,334000,129
16,336000,131
16,338000,131
16,340000,131
16,342000,131
16,344000,131
16,346000,130
16,348000,130
16,350000,129
16,352000,129
16,354000,129
16,356000,128
16,358000,127
16,360000,129
16,362000,126
16,364000,124
16,366000,123
16,368000,121
16,370000,119
16,372000,119
16,374000,119
16,376000,118
16,378000,119
16,380000,120
16,382000,119
16,384000,119
16,386000,120
16,388000,121
16,390000,122
16,392000,122
16,394000,122
16,396000,122
16,398000,121
16,400000,120
16,402000,118
16,404000,119
16,406000,118
16,408000,119
16,410000,119
16,412000,119
16,414000,119
16,416000,119
16,418000,118
16,420000,120
16,422000,120
16,424000,117
16,426000,121
16,428000,121
16,430000,122
16,432000,122
16,434000,122
16,436000,122
16,438000,122
16,440000,123
16,442000,123
16,444000,123
16,446000,123
16,448000,122
16,450000,122
16,452000,122
16,454000,123
16,456000,123
16,458000,124
16,460000,125
16,462000,125
16,464000,126
16,466000,127
16,468000,126
16,470000,127
16,472000,128
16,474000,128
16,476000,128
16,478000,128
16,480000,128
16,482000,127
16,484000,126
16,486000,125
16,488000,123
16,490000,123
16,492000,121
16,494000,119
16,496000,120
16,498000,119
16,500000,119
16,502000,118
16,504000,120
16,506000,120
16,508000,119
16,510000,119
16,512000,119
16,514000,119
16,516000,120
16,518000,120
16,520000,121
16,522000,121
16,524000,121
16,526000,122
16,528000,123
16,530000,124
16,532000,124
16,534000,124
16,536000,124
16,538000,123
16,540000,123
16,542000,122
16,544000,121
16,546000,120
16,548000,120
16,550000,119
16,552000,120
16,554000,119
16,556000,118
16,558000,118
16,560000,118
16,562000,119
16,564000,120
16,566000,121
16,568000,123
16,570000,122
16,572000,121
16,574000,121
16,576000,121
16,578000,122
16,580000,126
16,582000,126
16,584000,126
16,586000,135
16,588000,126
16,590000,126
16,592000,128
16,594000,129
16,596000,128
16,598000,128
16,600000,128
16,602000,127
16,604000,125
16,606000,125
16,608000,124
16,610000,124
16,612000,124
16,614000,122
16,616000,121
16,618000,121
16,620000,120
16,622000,119
16,624000,119
16,626000,119
16,628000,119
16,630000,119
16,632000,119
16,634000,119
16,636000,119
16,638000,120
16,640000,119
16,642000,119
16,644000,120
16,646000,122
16,648000,123
16,650000,124
16,652000,125
16,654000,126
16,656000,126
16,658000,127
16,660000,126
16,662000,126
16,664000,125
16,666000,124
16,668000,123
16,670000,122
16,672000,120
16,674000,120
16,676000,120
16,678000,119
16,680000,120
16,682000,120
16,684000,121
16,686000,120
16,688000,121
16,690000,121
16,692000,121
16,694000,122
16,696000,124
16,698000,124
16,700000,125
16,702000,125
16,704000,125
16,706000,126
16,708000,127
16,710000,128
16,712000,130
16,714000,130
16,716000,131
16,718000,131
16,720000,131
16,722000,132
16,724000,132
16,726000,131
16,728000,132
16,730000,131
16,732000,130
16,734000,130
16,736000,129
16,738000,128
16,740000,128
16,742000,125
16,744000,125
16,746000,125
16,748000,125
16,750000,125
16,752000,125
16,754000,124
16,756000,123
16,758000,122
16,760000,122
16,762000,121
16,764000,120
16,766000,118
16,768000,119
16,770000,118
16,772000,119
16,774000,118
16,776000,119
16,778000,119
16,780000,120
16,782000,121
16,784000,120
16,786000,120
16,788000,121
16,790000,122
16,792000,123
16,794000,123
16,796000,124
16,798000,123
16,800000,122
16,802000,122
16,804000,121
16,806000,120
16,808000,120
16,810000,119
16,812000,119
16,814000,118
16,816000,118
16,818000,118
16,820000,119
16,822000,120
16,824000,121
16,826000,121
16,828000,121
16,830000,121
16,832000,119
16,834000,118
16,836000,118
16,838000,118
16,840000,118
16,842000,119
16,844000,119
16,846000,119
16,848000,120
16,850000,120
16,852000,120
16,854000,121
16,856000,122
16,858000,123
16,860000,123
16,862000,123
16,864000,124
16,866000,125
16,868000,125
16,870000,125
16,872000,125
16,874000,125
16,876000,125
16,878000,125
16,880000,126
16,882000,127
16,884000,128
16,886000,129
16,888000,130
16,890000,130
16,892000,130
16,894000,130
16,896000,131
16,898000,133
16,900000,133
16,902000,133
16,904000,132
16,906000,131
16,908000,131
16,910000,131
16,912000,130
16,914000,130
16,916000,129
16,918000,127
16,920000,127
16,922000,127
16,924000,127
16,926000,126
16,928000,126
16,930000,124
16,932000,124
16,934000,124
16,936000,123
16,938000,123
