,0,10,20,30,40,50,60,70,80,90,100,110,120,130,140,150
0,0,0,0,0,0,0,0,0,0,0,0,0,0,0,0,0
1,0,0,0,0,0,0,0,0,0,0,0,0,0,0,0,0
2,0,0,0,0,0,0,0,0,0,0,0,0,0,0,0,0
3,0,0,0,0,0,0,0,0,0,0,0,0,0,0,0,0
4,0,0,0,0,0,0,0,0,0,0,0,0,0,0,0,0
5,0,0,0,0,0,0,0,0,0,0,0,0,0,0,0,0
6,0,0,0,0,0,0,0,0,0,0,0,0,0,0,0,0
7,0,0,0,0,0,0,0,0,0,0,0,0,0,0,0,0
8,0,0,0,0,0,0,0,0,0,0,0,0,0,0,0,0
9,0,0,0,0,0,0,0,0,0,0,0,0,0,0,0,0
10,0,0,0,0,0,0,0,0,0,0,0,0,0,0,0,0
11,0,0,0,0,0,0,0,0,0,0,0,0,0,0,0,0
12,0,0,0,0,0,0,0,0,0,0,0,0,0,0,0,0
13,0,0,0,0,0,0,0,0,0,0,0,0,0,0,0,0
14,0,0,0,0,0,0,0,0,0,0,0,0,0,0,0,0
15,0,0,0,0,0,0,0,0,0,0,0,0,0,0,0,0
16,0,0,0,0,0,0,0,0,0,0,0,0,0,0,0,0
17,0,0,0,0,0,0,0,0,0,0,0,0,0,0,0,0
18,0,0,0,0,0,0,0,0,0,0,0,0,0,0,0,0
19,0,0,0,0,0,0,0,0,0,0,0,0,0,0,0,0
20,0,0,0,0,0,0,0,0,0,0,0,0,0,0,0,0
21,0,0,0,0,0,0,0,0,0,0,0,0,0,0,0,0
22,0,0,0,0,0,0,0,0,0,0,0,0,0,0,0,0
23,0,0,0,0,0,0,0,0,0,0,0,0,0,0,0,0
24,0,0,0,0,0,0,0,0,0,0,0,0,0,0,0,0
25,0,0,0,0,0,0,0,0,0,0,0,0,0,0,0,0
26,0,0,0,0,0,0,0,0,0,0,0,0,0,0,0,0
27,70,35,32,32,36,48,93,167,40,59,184,77,68,520,405,80
28,100,58,37,51,43,42,133,239,52,60,234,95,94,634,515,115
29,103,69,43,39,36,48,139,249,36,50,313,119,113,855,657,123
30,94,76,55,64,59,76,192,339,50,70,363,143,157,1084,847,221
31,161,97,76,78,98,104,249,484,91,113,535,189,196,1413,1113,367
32,201,121,81,122,106,141,313,682,68,128,656,231,344,1702,1459,558
33,271,172,126,167,163,176,414,854,132,190,834,307,432,2195,1831,872
34,399,313,206,252,237,249,588,1235,165,259,1075,412,550,2660,2341,1297
35,521,404,286,410,364,344,857,1674,213,343,1596,495,755,3304,2932,1876
36,687,631,428,582,515,490,1158,2476,321,499,1960,673,1034,3893,3661,2697
37,893,942,565,923,712,686,1711,3338,451,705,2397,924,1399,4691,4456,3662
38,1335,1345,782,1221,976,940,2366,4481,668,931,3239,1203,1818,5778,5360,4843
39,1785,1864,1141,1738,1377,1340,3075,6072,856,1314,3989,1568,2374,6998,6822,6312
40,2238,2320,1553,2361,1900,1747,4351,7723,1173,1753,4943,1914,2984,8388,8260,8265
41,2911,3192,2070,3207,2531,2269,5638,10037,1540,2319,5920,2404,3775,9704,9824,10263
42,3600,4081,2658,4181,3240,2985,7282,12421,2064,2948,7253,2961,4742,11460,11625,12659
43,4535,4997,3375,5205,4067,3644,9110,15058,2584,3590,8407,3572,5866,13350,13423,15130
44,5435,6094,4123,6388,5009,4464,11241,18026,3325,4465,9939,4201,6706,14972,15374,17374
45,6223,7332,5045,7873,5884,5356,13680,21266,3891,5323,11218,5058,7801,16646,17364,20173
46,7215,8654,5845,9349,6872,6604,16307,24462,4895,6126,12742,5769,9142,18872,19675,23284
47,8481,10119,6924,10928,8026,7640,19126,28059,5815,7226,14444,6636,10484,21292,22023,26116
48,9776,11691,8033,12766,9430,8725,21901,32472,6707,8452,16023,7616,12086,23572,24477,29678
49,11187,13201,8988,14659,10648,9936,25029,35912,7885,9474,17626,8522,13631,25916,27074,33359
50,12586,14915,10305,16263,11922,11104,28142,39977,8772,10717,19221,9398,15026,28337,29986,36560
51,14089,16561,11528,18474,13204,12199,31387,43773,9947,11933,20962,10376,16653,31174,32677,40058
52,15356,18334,13019,20563,14570,13598,34148,47774,11030,13181,22671,11325,18101,33800,34997,43568
53,17119,19641,14009,22614,15576,14645,37779,51513,12166,14359,24077,12232,19506,35346,37354,46461
54,18149,21420,15376,24140,16933,16096,41191,55416,13503,15530,25610,13199,21316,37325,39779,49481
55,19516,23120,16654,26136,18226,17154,44234,59491,14728,17082,27417,14251,22762,39743,42470,52423
56,21238,24466,18021,27945,19222,18751,47021,62861,15921,18207,28758,15114,24316,42083,44802,55616
57,22956,26639,19192,30083,20408,19828,49807,66918,17364,19706,30479,16433,26313,44645,47921,59064
58,24416,27674,20855,32375,21479,20991,53398,71249,18688,21308,32001,17668,27751,47006,50631,62799
59,25939,30363,22176,34757,22802,22450,56520,75022,20124,22344,33340,18569,29011,48705,52978,65689
60,27813,31994,23430,36634,24207,23954,59333,78856,21697,24137,34782,19457,30693,51154,55523,68870
61,28990,33818,24661,38564,25469,24581,62329,82075,22982,25116,36408,20620,32443,53163,58122,71001
62,30353,35325,25886,40457,26263,25710,64656,85295,24130,26654,37555,21681,33243,54572,59940,73463
63,32247,36179,27030,42117,27283,26767,67189,88247,24631,27422,38680,22310,34163,55894,61306,75945
64,33503,38229,28504,43977,28133,27743,69438,91097,26098,28353,40109,23245,35555,57770,63764,77899
65,34577,39425,29102,45477,28730,28893,70945,93096,27359,29576,40918,24178,36591,58680,65504,79651
66,35767,41283,30182,46264,29706,29765,72720,95727,28452,30940,42118,24774,38029,60254,66846,81780
67,36980,42575,30971,48733,30454,30756,76180,97781,29752,31743,43194,25640,38407,62156,68542,83791
68,37997,43540,32182,49487,31519,31713,77025,100812,30750,32964,44482,26713,39680,62849,70098,84294
69,39346,44876,32854,51236,32247,32778,79371,103143,31707,34187,45112,27412,40311,64080,71566,86410
70,40835,46602,34156,52472,33074,33416,81129,105597,32915,34963,46152,27967,41570,65593,73761,88504
71,41567,47347,34912,53778,34150,34134,81913,106911,33928,35861,46944,28690,42106,66010,74253,89561
72,42692,48555,35936,55206,34947,34817,83403,108527,35352,36369,47354,29156,42792,67007,75069,90403
73,43542,49699,36788,55818,34968,35313,83540,108404,35283,37552,47546,30090,43175,67050,75224,90603
74,43963,50206,37301,56756,35287,35526,83345,107819,36165,37476,48367,29916,42635,65987,74764,89758
75,44675,50898,37253,57223,35752,35606,83445,108818,36689,38080,48613,30584,42668,65626,74442,89947
76,44732,51530,38007,58212,36029,36306,83610,109166,37524,38655,49201,30752,42608,64779,74643,90233
77,45512,52013,37907,58184,36073,36386,83773,109205,37709,38686,48697,30788,42442,63853,73020,88552
78,45655,52413,39124,58925,36680,36604,84011,109619,38411,38946,49382,31008,41969,62755,73055,88164
79,46368,53263,38944,59365,37213,36866,84176,109264,38733,39238,49793,31531,41626,62981,72643,88101
80,47202,53574,39287,60108,37341,36771,83824,108949,39461,39795,49395,31149,41458,62453,72332,87201
81,47757,54110,39875,60134,37303,37208,84015,108368,40066,40002,50161,31685,41715,62886,72491,87132
82,48181,54384,40096,60901,37368,37581,83783,108487,40011,40755,50657,32342,42283,63524,73698,88091
83,48403,55237,40589,60523,37766,37670,83360,108476,40494,40152,50548,32169,42870,63891,73760,88517
84,48912,55357,40788,61602,38372,37716,83444,108398,41054,41049,51203,32761,43188,64205,75126,88710
85,49653,56415,40951,62217,39110,38335,85174,109876,41798,41714,51776,33143,43557,65708,76449,89784
86,50637,57856,41717,62658,39311,38485,84400,109548,42485,42323,52020,33136,43872,66192,77370,90612
87,51620,58051,42294,63050,39694,38946,84767,110243,43227,42838,52597,34076,44697,68091,79463,91917
88,52355,59244,43047,64324,40407,40026,86265,111918,44110,43304,53863,34807,46182,70433,82858,93971
89,53766,59685,43566,65216,40787,40017,88511,112971,44594,44327,54827,35255,47608,74471,86287,96824
90,55393,61423,44890,66256,42385,41431,90215,115607,46254,45717,55911,36498,49967,78409,91716,100731
91,57507,62638,46219,67104,42823,42319,92439,117798,47116,47049,57530,37745,52251,81653,96176,103188
92,58401,63502,46677,68916,43275,43474,93908,119782,48191,47741,59085,38213,52678,82907,97639,104888
93,59474,64657,47499,69508,43959,43741,94212,120458,48641,48136,59422,38953,53465,83962,98810,105574
94,59752,65306,47757,68993,44196,43479,93779,119823,49517,48367,59578,38813,53743,83818,98747,105670
95,60073,65865,48126,69934,44389,44034,93644,119930,49425,48944,59630,39450,53799,84104,99027,106462
96,61486,66351,48521,70700,44894,43975,93613,120092,50459,49514,60353,39841,54446,84502,99861,107073
97,61464,67219,48629,70926,45605,44662,94202,119938,50554,49933,60675,40378,54934,84666,101164,107855
98,61233,67555,48720,70645,45293,44963,94794,120781,51389,50705,61558,40527,54739,84839,101480,108244
99,62633,67802,49487,71109,46405,45453,95305,121640,52644,50813,62115,40992,56642,87277,103199,109151
100,63931,68785,50527,71953,47174,46289,97193,123153,53419,51904,62643,42040,57487,89062,105836,111442
101,64512,69341,50613,72699,47034,46683,97972,123450,53804,53050,63771,42726,57758,90218,107748,112032
102,65074,69800,51336,73212,47438,47050,98068,124386,54379,53643,64066,43201,58441,91872,109584,113200
103,64527,70258,50874,73199,47838,47787,97595,123545,54387,53446,64892,44075,59458,93435,111791,114688
104,64529,69873,50727,72624,47694,47896,97775,123140,54238,53504,64823,43341,60051,94540,112761,114417
105,65260,70453,51102,72682,48223,47548,97676,123305,54924,54307,65287,44060,60984,96479,114468,116598
106,65334,70369,51450,72817,48484,48471,97876,123016,55022,54531,65743,44563,61664,97472,116864,116699
107,66107,70803,51045,72975,48627,48710,98100,123103,55493,54758,66801,45346,62129,97620,116376,117109
108,66500,71613,51225,73657,49215,49136,98731,123942,56230,55431,67134,46082,62934,99219,117809,119298
109,66948,72104,51967,73704,49821,49418,99895,124747,57229,56663,68322,47240,64279,101054,120869,121612
110,67696,72744,51824,75164,50142,50664,100986,125223,57541,57701,69009,47490,65251,102549,123563,122886
111,68489,73187,52622,75237,50681,51545,101958,127296,58873,58689,70486,48297,66629,105398,126783,125962
112,69717,74210,53878,76092,51943,52518,104214,129108,59993,59768,71983,49424,69180,110231,132189,128939
113,71538,75410,54112,76679,53205,53907,105581,130710,60778,60953,73215,50885,71165,114145,136601,132069
114,71798,76258,54727,78069,53384,54784,107607,132638,61962,62799,75225,52463,73355,116802,140032,135753
115,72992,76400,54875,78734,54797,56262,108876,134262,63036,63722,77019,53215,75578,120585,144236,138597
116,72728,76735,55085,78135,55414,56502,109599,135362,63653,64185,77156,54381,76407,120623,145441,139602
117,73087,77306,55272,78566,55907,57153,110720,135060,64149,64994,78572,55615,76796,121733,147878,140233
118,73247,76958,55800,79165,56050,58498,110932,136250,65348,66098,79692,57229,78335,123305,148634,142150
119,72844,77458,55561,78866,56300,58479,110872,135051,65669,67019,80865,56719,78571,124487,150241,143623
120,73771,77080,55549,79690,57499,60137,113479,137272,66861,68305,82105,58171,80262,127410,153338,145320
121,75085,78482,56885,80904,58870,61420,115049,140078,68174,69407,83921,59499,82334,132166,158067,150040
122,76810,79372,57413,81468,59710,62975,118123,142249,70345,71405,86472,61297,85240,137908,165982,153391
123,78655,80933,58435,83167,61254,64716,122053,146704,72310,73653,89251,63851,89422,146140,174635,160916
124,81444,82780,59982,85398,63638,67135,126311,151420,74131,77266,93446,66791,95192,155081,185810,169165
125,83232,83539,61210,86984,65999,69771,129833,156332,77462,80417,97422,69817,99581,163625,195634,175617
126,85682,85106,62742,89163,68529,72860,135856,160960,79829,83050,101301,72551,104458,171008,205744,184312
127,87711,87318,63946,91730,70547,76064,140030,165530,82359,86181,104959,76330,108960,179139,215085,191140
128,89441,89157,65501,93220,72657,77141,143335,169253,85302,88316,108476,78743,112571,186081,222829,198405
129,92345,91301,66658,95424,75883,81234,147887,174784,88500,92249,112352,81578,116704,192523,231117,205276
130,94242,93218,68857,98158,78618,84122,152486,178864,91495,95412,116726,85148,121086,199010,240770,213031
131,96637,95157,70459,100125,80552,87440,156938,184105,94357,99256,120487,88337,124444,203770,246554,219696
132,99607,96461,72167,102337,83172,90977,162566,188285,98165,102683,124647,91789,130197,212592,257375,225598
133,102732,99515,74243,105903,86905,94699,167860,194584,102379,106601,129466,95887,135879,221872,270079,235334
134,106514,101919,75705,108434,89742,98507,172452,199737,105797,110223,134655,99945,139441,229872,278892,243783
135,110133,103871,78422,112149,93028,102532,179572,207255,110220,115032,141019,104669,144417,236472,290249,250874
136,112009,105667,80204,115138,96550,107183,184867,211643,114253,118721,145212,108420,149573,244406,297960,260024
137,114139,108070,81439,117149,100767,109593,187536,214479,117215,122396,149132,111747,152351,248375,303699,265005
138,115813,109260,83171,119509,103256,113169,191507,218824,120499,125524,152338,115557,155694,253527,309850,269872
139,117423,110905,83897,121236,106081,116233,195629,222691,124132,127719,157086,118194,158225,257946,314746,273979
140,118685,110862,84531,122382,107542,117540,197329,223736,126446,130466,159108,120362,158618,257238,316405,275053
141,119572,110888,85378,123184,109319,120276,198731,224937,128752,133045,162348,122632,159776,260663,319121,277749
142,121534,112416,86767,124910,111583,123408,200841,226252,130144,135081,164853,124718,162578,264786,323677,282668
143,123318,114913,88186,126254,113377,125349,203853,228135,132666,137186,168474,127039,164365,270468,331556,285889
144,127241,116504,90202,130385,117291,129204,208599,234515,136907,142220,173979,132335,171172,282491,345479,296325
145,132348,119327,92561,133240,121394,134434,214973,239914,142264,146779,180875,136771,178567,297697,363460,310266
146,137899,122492,95769,137787,125286,138800,221583,246533,146801,152248,186508,141900,186325,312487,382370,321122
147,143994,126762,99117,142412,130560,144364,229693,254549,152790,158059,194539,148099,194498,330924,404084,337565
148,150826,132372,103439,146943,137213,150727,238971,262102,158671,164391,202251,155781,203806,350350,427071,353855
149,157989,137615,107991,152895,141835,155593,245851,269547,164535,170549,209763,162015,211601,363939,446771,368416
150,165541,143073,113324,157948,148338,162209,252891,277409,173007,177985,218277,167681,220047,377007,465799,383929
151,174900,151086,118810,165775,154240,169581,263250,286022,180033,185674,227834,175583,229107,395184,488595,402148
152,183568,157667,124047,170556,160663,175500,272010,294056,187259,193086,235656,182389,237086,406096,505226,414532
153,191387,165332,130328,178412,166622,182576,279446,302222,195971,200668,243513,190583,245419,422313,525396,430443
154,203793,174310,136914,186115,175879,192134,292440,313227,205326,210060,256145,199608,255382,441253,552959,452637
155,215072,184332,145358,195461,184890,201535,304591,325294,215950,219694,267332,209337,264799,453763,574172,470800
156,228797,195333,154760,207207,195485,212137,318093,340145,228281,232475,281687,221285,277235,474583,601773,493990
157,243158,206729,164249,218577,208018,224042,332060,353127,242056,244612,296486,234602,289073,494779,629668,519416
158,257319,218511,172884,228750,218482,234657,343999,365139,255144,255196,307380,244454,295998,504978,644655,534621
159,268111,229412,181151,240332,229447,244768,355877,377082,268085,265483,321839,255493,302742,513664,658818,548818
160,280034,239086,188951,250391,239742,256221,366459,384319,279986,276557,331147,265102,309619,520592,668973,561690
161,286396,247344,196525,256509,246459,262292,369203,388341,287211,282160,337467,270365,307936,513886,665991,560325
162,292756,254191,201779,261732,252799,269056,373841,392550,297540,288332,343958,275449,308046,512226,659757,562999
163,299965,263470,206964,270008,260051,275171,379363,397868,305304,294402,348625,282083,308473,510860,661455,567194
164,305723,269162,213354,275205,266916,281960,381340,401172,314117,300027,355332,286110,306831,502846,652266,565012
165,312357,275019,218302,282196,274670,288079,386781,404469,321553,304571,361932,291501,303802,496786,644566,564021
166,317309,281062,223301,289751,280813,295178,388140,407098,329281,308605,365030,297168,301791,491426,635648,560197
167,317454,281567,225224,288760,283750,295461,385450,402910,333919,310392,363920,297548,293742,473439,613263,548482
168,317019,282433,225008,290211,286080,296321,380892,398577,334621,310489,361621,297584,285015,459082,595265,533162
169,311257,280103,222986,287798,283862,294236,372391,388818,333264,303996,354762,293063,274975,442547,569272,515637
170,301859,272254,217206,279709,277928,285826,358467,374351,324831,296285,343608,285293,261476,420644,540646,494127
171,292494,264896,212860,270846,271699,280988,347040,360306,318415,287908,334037,276502,249959,400993,513994,472300
172,280649,256618,206632,261476,263642,273050,332976,345862,307472,277847,323233,267383,238493,385151,491425,454804
173,269667,248623,200457,253165,256580,264760,318908,330441,298455,268347,312020,258829,227967,365689,464786,434207
174,262729,241957,196072,247189,251846,259751,309475,321301,292738,262989,303371,253331,218589,352400,444932,419147
175,257071,239164,193683,243242,250143,256419,302109,312384,288931,259265,297864,249065,212699,341740,429449,407898
176,249991,233373,189598,237373,245521,251138,291261,298847,282840,251796,289694,242892,202367,323791,408420,390690
177,247078,230365,188523,234422,244815,248700,286284,295615,280217,249322,285540,240145,196398,315252,394803,379771
178,243676,228138,186159,231677,243410,247490,280624,289010,277850,244743,280854,236079,190240,303758,380808,370295
179,235720,222358,182185,226279,237525,240088,270004,277479,271377,238280,270954,230879,180738,288308,360615,352334
180,229199,216654,178420,220245,232482,236138,261012,268094,265513,233089,264063,225162,173059,276805,344758,338316
181,221921,210185,174404,214712,227884,230016,252069,259061,259317,225707,256059,218295,166053,265333,329324,325473
182,213487,202769,168934,206759,220478,222161,239764,246453,250353,217504,246446,210704,157044,252556,311134,309168
183,205972,197525,163651,199924,214530,216686,230887,236281,243193,210752,238599,202828,149660,239726,295890,295305
184,198014,189187,159356,192806,207899,209306,221742,226487,235129,203079,229983,196613,143965,230843,282638,282246
185,191529,184019,154212,185710,200822,202415,211071,215509,227506,195570,219678,189823,135892,219815,265621,267493
186,185779,177302,151424,181132,196544,196918,204035,207777,221159,191376,214525,184180,130260,209683,255875,257524
187,179446,174240,147214,175468,193916,192638,197500,199006,217131,184955,207335,179268,125355,203221,245467,248483
188,173424,169298,143560,170043,188166,187586,188822,192321,209833,179832,200229,173276,118977,192932,232332,237155
189,170799,165749,141913,166886,184799,183418,183000,185233,206044,175576,194907,169706,115073,186479,223728,228976
190,165342,161577,137682,162161,180205,177865,177680,178840,200206,170677,189452,165886,110569,179753,214740,221904
191,159427,156714,134686,155798,174263,172702,168828,170151,195103,164765,181763,159982,105757,170090,204289,210805
192,154471,151752,131384,151329,169591,167814,162699,163099,188523,159137,175590,154682,100680,164370,195762,203132
193,149477,147907,128052,146314,166338,162442,155759,156414,183135,154304,169303,149792,96518,157553,188291,194322
194,143826,142259,124081,140798,159495,157208,149461,150684,177815,148747,163246,144535,92346,151315,178056,185358
195,139847,138989,122546,136785,155824,153296,143772,144587,172548,144592,158864,140392,88285,145455,171821,178647
196,136107,136569,119388,134114,152256,148887,139183,139789,168530,140888,153198,137071,85154,141300,165437,172102
197,131309,132303,116519,129117,148376,144453,132734,134125,163013,135387,148194,132422,81296,134667,158584,165647
198,129170,129527,114643,125278,144658,141128,129543,128923,158789,131933,143974,128417,77938,130000,152142,159451
199,125175,126476,112524,122295,141428,137568,124975,124386,156029,128409,139666,125316,75508,125803,147183,154610
200,122040,122738,110723,117578,137192,133086,119651,118978,150584,124688,133952,120851,72250,120742,141949,147589
201,118411,120209,107534,114349,134485,129172,115714,114647,146972,121397,129447,117385,69295,116849,135069,141853
202,114981,117527,105445,111302,130964,125825,111237,110438,142240,117538,127036,114897,67477,113201,130873,137481
203,111582,114130,102885,108250,127124,121672,107289,105931,139455,114123,121720,111094,64754,110058,126593,132852
204,109632,110651,101152,104291,123917,118365,102993,101670,135246,109956,118432,107740,62027,105647,122219,127233
205,106570,108205,99571,101631,121128,115141,99711,97630,132593,108423,114931,104626,60439,103723,118751,123837
206,103487,106149,98170,98467,117789,112533,95853,94626,128820,105019,110814,102096,58023,100216,114632,119720
207,101818,103598,95945,96786,114583,109301,93214,91782,125788,102456,107274,98883,56294,97469,112039,115881
208,99149,101944,94231,93736,112422,106236,90087,88592,122181,100263,104477,96900,53974,94637,108621,112505
209,97678,99812,92894,91088,110261,103394,86246,85620,119941,97194,102028,93999,52997,91386,104765,108656
210,95597,98606,91645,88926,107920,100838,84827,83810,118183,94764,99445,92323,51138,89632,102264,105643
211,92868,95637,89938,86843,106212,98860,81659,80627,115563,92387,96951,90295,50185,88660,100594,103429
212,90827,93773,88975,84540,103305,96384,79061,77322,112434,90338,94335,87681,48143,85412,96497,100178
213,89281,92100,87076,82561,100582,93974,76967,75501,110324,88275,91678,85273,47016,84447,94652,97050
214,88113,90642,86273,80696,99341,92449,75572,73888,108925,86205,89126,83550,46188,82830,93194,95544
215,87156,88630,85947,78925,97566,90499,72947,71612,106586,84662,87401,82068,44786,80405,90396,93049
216,85032,87508,84411,77227,94965,88931,70945,69481,104978,82566,84813,80131,43436,78853,88455,90217
217,83421,85856,83773,75305,94150,87543,69226,67549,103186,81473,82866,79143,42323,77764,86304,89006
218,82035,84078,82060,73529,91594,84836,67537,64885,100867,79183,80648,77153,41517,75597,83758,86391
219,80724,83247,80771,72276,89920,82891,65308,64134,98946,77110,78899,75306,40149,74474,82309,84167
220,79512,81799,79673,70378,88228,81469,63804,61908,96889,75924,77322,74233,39527,72766,80675,81912
221,77692,80431,78475,69228,86609,79746,62043,60305,94992,74829,75136,72465,37800,71277,78664,80018
222,76028,78393,78094,67132,85346,78493,60333,58325,93685,73209,73760,71346,37375,69898,77049,78539
223,74845,78078,77123,65897,84168,76340,59217,57335,91633,71323,71482,69539,36743,68349,75891,76701
224,73981,76304,76071,64307,83117,75206,57712,55489,90562,69788,70196,68514,35522,67106,73876,74423
225,73247,75129,75776,63623,81681,73351,56858,54699,89691,69291,69175,68074,35001,66152,73051,73909
226,71962,74405,75222,62268,80609,73222,55343,53420,88465,68480,68304,66778,34359,65342,71194,71852
227,71297,72799,74646,60863,79622,71736,53920,52074,87300,66914,66548,65411,33516,64818,70268,70586
228,70717,71865,74146,59836,78118,70175,53029,50957,86297,66429,65239,64431,32922,63473,68437,69110
229,69744,70977,73352,59163,77108,69432,51993,50005,84607,64402,63726,63669,32277,62872,68039,67788
230,67804,69701,72515,57719,75935,67861,50657,48864,83645,63417,62592,62050,31584,61342,66100,66190
231,67553,68804,71098,56681,75158,66932,49399,47597,82625,62525,61303,61128,30588,59982,64936,65166
232,66744,68142,70913,56256,74584,66062,48913,46914,82211,61728,60477,60392,30213,58874,63970,64015
233,65223,66718,70218,54774,72672,64936,47939,45798,80529,60432,59184,59768,29553,58375,63058,63259
234,64970,65978,70040,53999,72762,64530,47198,44897,80088,60540,58600,59216,29700,58018,62415,61476
235,64504,65826,68847,53043,71389,63148,46123,44070,78656,59175,58038,58419,29117,57536,61610,60575
236,63480,64963,68544,51856,70989,62975,45244,43039,77558,58151,56898,57571,28448,57093,60892,59989
237,62660,64023,67874,51378,69522,60699,44579,42116,76784,57013,55653,56512,27841,56459,59911,58395
238,61994,63408,67542,50336,68784,60495,43843,41846,75935,56438,54671,56104,27822,56190,59607,58638
239,61349,62213,67281,49780,68803,60349,43019,40484,75345,56013,54163,55780,27268,55299,58751,57402
240,60284,61544,66191,48676,66899,58332,42124,40071,73860,55521,53049,54696,26854,54957,58404,56390
241,59881,60500,66082,47814,66259,58389,41572,39167,74518,54175,52725,54529,26625,55167,58042,56336
242,58972,59264,65971,47674,66327,57624,41036,38654,73263,53619,51547,53823,26641,54283,57956,55127
243,58245,59374,65586,46268,65426,57368,40478,38225,72446,53143,51402,52858,26319,54259,57611,55000
244,58330,59121,65387,46687,65537,57068,39895,37730,72683,53413,51157,52989,25910,54986,57537,55284
245,57698,58377,65160,46034,65076,56417,40241,37682,72137,53122,50577,52641,25846,54106,57581,54371
246,57603,57288,64591,45350,64633,55721,39389,37036,71668,52577,50422,52316,25627,54585,57883,53816
247,57052,57483,64306,45065,63999,55588,39070,36722,71355,51665,49436,52204,25846,54707,56936,53846
248,56953,57015,63860,44073,63668,54818,38931,36045,71184,51607,49242,51165,25436,54671,57159,53542
249,56540,56053,63811,43575,63047,54047,37557,35657,70254,51020,48346,51240,25102,54614,57186,52566
250,56374,56361,63666,43246,62949,53966,38054,35168,70712,50714,48349,51412,25249,54614,57397,52781
