orf_name,+1
YAL068C,2252
YAL067W-A,2392
YAL067C,9041
YAL065C,12043
YAL064W-B,12069
YAL064C-A,13683
YAL064W,21535
YAL063C-A,22737
YAL063C,28114
YAL062W,31218
YAL061W,33357
YAL060W,35091
YAL059W,36578
YAL058W,37453
YAL056W,39251
YAL055W,42186
YAL054C,44992
YAL053W,45806
YAL051W,48567
YAL049C,52588
YAL048C,54771
YAL047C,56814
YAL046C,57364
YAL044W-A,57545
YAL044C,58439
YAL043C,61030
YAL042W,61321
YAL041W,62800
YAL040C,67856
YAL039C,69542
YAL038W,71838
YAL037C-A,73435
YAL037W,74050
YAL036C,76168
YAL035W,76445
YAL034W-A,79734
YAL034C,81999
YAL033W,82757
YAL032C,84448
YAL031C,87026
YAL030W,87309
YAL029C,92459
YAL028W,92893
YAL027W,94659
YAL026C,99724
YAL025C,101135
YAL024C,105917
YAL023C,108589
YAL022C,110412
YAL021C,113360
YAL020C,114594
YAL019W,114858
YAL018C,119599
YAL017W,119911
YAL016W,124843
YAL015C,128045
YAL014C,129003
YAL013W,129281
YAL012W,130767
YAL011W,132228
YAL010C,135649
YAL009W,135886
YAL008W,136904
YAL007C,138392
YAL005C,141547
YAL003W,142160
YAL002W,143475
YAL001C,151136
YAR002W,152260
YAR002C-A,154744
YAR003W,154990
YAR007C,158654
YAR008W,158914
YAR014C,168982
YAR015W,169272
YAR018C,171690
YAR019C,175126
YAR020C,177037
YAR023C,179904
YAR027W,183736
YAR028W,184876
YAR029W,186325
YAR031W,187030
YAR033W,188090
YAR035W,190276
YAR035C-A,192466
YAR042W,192619
YAR050W,203501
YAR064W,220205
YAR066W,
YAR068W,222502
YAR071W,
YBL113C,
YBL112C,
YBL111C,
YBL108C-A,
YBL107C,10477
YBL106C,13905
YBL105C,17906
YBL104C,21262
YBL103C,23735
YBL102W,24043
YBL101C,28576
YBL100W-C,28336
YBL099W,36771
YBL098W,39140
YBL097W,40799
YBL095W,43316
YBL093C,44971
YBL092W,45647
YBL091C-A,47163
YBL091C,48598
YBL090W,48839
YBL089W,49600
YBL088C,59387
YBL087C,60742
YBL086C,62645
YBL085W,63713
YBL084C,69540
YBL082C,71360
YBL081W,71620
YBL080C,74702
YBL079W,75248
YBL078C,80731
YBL076C,84247
YBL075C,86418
YBL074C,87767
YBL072C,89117
YBL071C-B,89619
YBL071W-A,89982
YBL069W,90733
YBL068W,92414
YBL067C,96105
YBL066C,99004
YBL064C,101165
YBL063W,101912
YBL061C,107453
YBL060W,107911
YBL059C-A,110543
YBL059W,110741
YBL058W,111446
YBL057C,113407
YBL056W,113702
YBL055C,116857
YBL054W,117450
YBL052C,122106
YBL051C,124792
YBL050W,125087
YBL049W,126534
YBL047C,132156
YBL046W,132449
YBL045C,135677
YBL044W,135983
YBL043W,136560
YBL042C,140299
YBL041W,141260
YBL040C,142881
YBL039W-B,143119
YBL039C,145762
YBL038W,146138
YBL037W,147171
YBL036C,151185
YBL035C,153677
YBL034C,158260
YBL033C,159684
YBL032W,160149
YBL031W,161726
YBL030C,164107
YBL029C-A,164886
YBL029W,166226
YBL028C,167825
YBL027W,168427
YBL026W,170627
YBL025W,171424
YBL024W,172541
YBL023C,177625
YBL022C,181369
YBL021C,182081
YBL020W,182350
YBL019W,184344
YBL018C,186478
YBL017C,191723
YBL016W,192443
YBL015W,194114
YBL014C,201718
YBL013W,202027
YBL011W,203415
YBL010C,206926
YBL009W,207210
YBL008W-A,209409
YBL008W,209631
YBL007C,216355
YBL006C,217089
YBL005W,217375
YBL004W,227582
YBL003C,235921
YBL002W,236376
YBL001C,237478
YBR001C,241405
YBR002C,242542
YBR003W,242837
YBR004C,245639
YBR005W,245903
YBR006W,246908
YBR007C,251187
YBR008C,254364
YBR009C,255777
YBR010W,256222
YBR011C,257957
YBR013C,
YBR014C,267308
YBR015C,269574
YBR016W,270237
YBR017C,273716
YBR018C,275586
YBR019C,278266
YBR020W,278958
YBR021W,281347
YBR022W,283705
YBR023C,288029
YBR024W,289404
YBR025C,291918
YBR026C,294044
YBR028C,296025
YBR029C,297785
YBR030W,298075
YBR031W,300160
YBR033W,301845
YBR034C,305974
YBR035C,306954
YBR036C,310339
YBR037C,311437
YBR038W,311810
YBR039W,315553
YBR040W,316841
YBR041W,318257
YBR042C,321605
YBR043C,324058
YBR044C,326079
YBR045C,330190
YBR046C,331519
YBR047W,331793
YBR048W,332865
YBR049C,337025
YBR050C,338415
YBR052C,339390
YBR053C,340754
YBR054W,342700
YBR055C,347254
YBR056W,347846
YBR057C,353353
YBR058C,356019
YBR058C-A,356578
YBR059C,360275
YBR060C,362566
YBR061C,365674
YBR062C,366595
YBR063C,368222
YBR065C,369698
YBR066C,370748
YBR067C,372845
YBR068C,375709
YBR069C,378537
YBR070C,379974
YBR071W,380258
YBR072W,381849
YBR072C-A,382927
YBR073W,383176
YBR074W,386289
YBR076W,390309
YBR077C,392275
YBR078W,392962
YBR079C,398250
YBR080C,400873
YBR081C,405339
YBR082C,407204
YBR083W,409091
YBR084W,411066
YBR084C-A,415275
YBR085W,415939
YBR085C-A,419191
YBR086C,423290
YBR087W,423803
YBR088C,425810
YBR089C-A,426832
YBR090C,426982
YBR091C,427466
YBR092C,429164
YBR093C,431018
YBR094W,432029
YBR095C,435693
YBR096W,435987
YBR097W,436960
YBR098W,441543
YBR101C,444692
YBR102C,447330
YBR103W,447597
YBR104W,449562
YBR105C,451899
YBR106W,452660
YBR107C,454533
YBR108W,454833
YBR109C,458368
YBR110W,458601
YBR111C,461909
YBR111W-A,462171
YBR112C,465929
YBR114W,467213
YBR115C,473986
YBR117C,476612
YBR118W,477684
YBR119W,479317
YBR120C,480951
YBR121C,483441
YBR122C,484496
YBR123C,486706
YBR125C,488516
YBR126C,490487
YBR127C,492821
YBR128C,494113
YBR129C,495322
YBR130C,496892
YBR131W,497164
YBR132C,501595
YBR133C,504389
YBR135W,504809
YBR136W,505693
YBR137W,513016
YBR138C,515375
YBR139W,515687
YBR140C,526541
YBR141C,528016
YBR142W,528291
YBR143C,532193
YBR145W,533726
YBR146W,535249
YBR147W,536625
YBR148W,537752
YBR149W,539959
YBR150C,544485
YBR151W,544943
YBR152W,546355
YBR153W,547453
YBR154C,549065
YBR155W,549721
YBR156C,553196
YBR157C,554355
YBR158W,556211
YBR159W,558693
YBR160W,559923
YBR161W,561408
YBR162C,564842
YBR162W-A,565256
YBR163W,565660
YBR164C,568497
YBR165W,568808
YBR166C,571217
YBR167C,571895
YBR168W,572297
YBR169C,575914
YBR170C,578091
YBR171W,578384
YBR172C,581458
YBR173C,582161
YBR175W,582437
YBR176W,583667
YBR177C,586154
YBR179C,589164
YBR180W,589731
YBR181C,592756
YBR182C,595024
YBR182C-A,595506
YBR183W,596006
YBR184W,597379
YBR185C,599945
YBR186W,600547
YBR187W,602560
YBR188C,604152
YBR189W,604506
YBR191W,606267
YBR192W,607522
YBR193C,609717
YBR194W,609945
YBR195C,611861
YBR196C,613933
YBR196C-A,614272
YBR196C-B,614556
YBR197C,615833
YBR198C,618527
YBR199W,618851
YBR200W,620840
YBR200W-A,622913
YBR201W,623480
YBR201C-A,624831
YBR202W,625723
YBR203W,628929
YBR204C,633386
YBR205W,633643
YBR207W,635135
YBR208C,642267
YBR210W,645552
YBR211C,647195
YBR212W,647498
YBR213W,650263
YBR214W,651367
YBR215W,653353
YBR216C,657586
YBR217W,657808
YBR218C,662215
YBR219C,663224
YBR220C,664696
YBR221C,666413
YBR221W-A,666441
YBR222C,668369
YBR223C,670280
YBR225W,670536
YBR227C,675119
YBR228W,675385
YBR229C,679202
YBR230C,680059
YBR230W-A,680231
YBR231C,683102
YBR233W,683360
YBR233W-A,684982
YBR234C,686595
YBR235W,686869
YBR236C,691683
YBR237W,691964
YBR238C,697220
YBR239C,700048
YBR240C,701795
YBR241C,704254
YBR242W,704545
YBR243C,706771
YBR244W,707529
YBR245C,711352
YBR246W,711614
YBR247C,714455
YBR248C,716501
YBR249C,718142
YBR250W,719000
YBR251W,721388
YBR252W,722635
YBR253W,723262
YBR254C,724222
YBR255W,724491
YBR255C-A,727061
YBR256C,728101
YBR257W,728895
YBR258C,730131
YBR259W,730387
YBR260C,734601
YBR261C,735512
YBR262C,736030
YBR263W,736267
YBR264C,738328
YBR265W,738559
YBR267W,739860
YBR268W,741340
YBR269C,742578
YBR270C,744623
YBR271W,744879
YBR272C,747796
YBR273C,749347
YBR274W,749604
YBR275C,757169
YBR276C,760085
YBR278W,760312
YBR279W,761291
YBR280C,764699
YBR281C,767618
YBR282W,768240
YBR283C,770554
YBR284W,771252
YBR285W,773801
YBR286W,774737
YBR287W,776550
YBR288C,779452
YBR289W,779702
YBR290W,782633
YBR291C,784581
YBR293W,787125
YBR294W,788948
YBR295W,792842
YBR296C,798687
YBR296C-A,800226
YBR297W,800498
YBR298C,804504
YBR298C-A,805352
YBR299W,805122
YBR301W,808958
YBR302C,
YCL073C,8297
YCL069W,9790
YCL068C,12257
YCL067C,
YCL066W,
YCL064C,16949
YCL063W,17318
YCL061C,22108
YCL059C,23342
YCL058C,23921
YCL058W-A,23625
YCL057C-A,24308
YCL057W,24805
YCL056C,27320
YCL055W,27940
YCL054W,31451
YCL052C,35372
YCL051W,35632
YCL050C,38821
YCL049C,40733
YCL048W-A,41528
YCL048W,42137
YCL047C,44421
YCL045C,46894
YCL044C,48397
YCL043C,50242
YCL042W,50421
YCL040W,50729
YCL039W,52667
YCL038C,56546
YCL037C,58707
YCL036W,59013
YCL035C,61178
YCL034W,61645
YCL033C,63226
YCL032W,63428
YCL031C,65556
YCL030C,68462
YCL029C,69936
YCL028W,70179
YCL027W,71719
YCL026C-B,74012
YCL026C-A,75384
YCL025C,77854
YCL024W,79126
YCL021W-A,83637
YCL018W,91232
YCL017C,94322
YCL016C,95729
YCL014W,96210
YCL012C,101774
YCL011C,103346
YCL010C,104330
YCL009C,105530
YCL008C,106804
YCL005W-A,107056
YCL005W,108055
YCL004W,109083
YCL002C,111655
YCL001W,111909
YCL001W-A,113020
YCL001W-B,113852
YCR002C,118360
YCR003W,118634
YCR004C,120502
YCR005C,122482
YCR007C,126702
YCR008W,128075
YCR009C,131550
YCR010C,133057
YCR011C,137045
YCR012W,137677
YCR014C,140953
YCR015C,142124
YCR016W,143655
YCR017C,147634
YCR018C,148510
YCR019W,152676
YCR020C,154706
YCR020C-A,155064
YCR020W-B,155341
YCR021C,157305
YCR023C,160386
YCR024C,162203
YCR024C-B,162807
YCR024C-A,163327
YCR026C,166355
YCR027C,168135
YCR028C,172474
YCR028C-A,173430
YCR030C,176483
YCR031C,178200
YCR032W,179427
YCR033W,186319
YCR034W,190606
YCR035C,193010
YCR036W,193333
YCR037C,197246
YCR038C,199568
YCR039C,
YCR040W,
YCR042C,205380
YCR043C,206623
YCR044C,207905
YCR045C,209677
YCR046C,210397
YCR047C,211582
YCR048W,211907
YCR050C,213815
YCR051W,214100
YCR052W,215021
YCR053W,216658
YCR054C,220154
YCR057C,223249
YCR059C,224195
YCR060W,224399
YCR061W,225549
YCR063W,228334
YCR065W,229296
YCR066W,231492
YCR067C,236385
YCR068W,237100
YCR069W,238957
YCR071C,240541
YCR072C,242323
YCR073C,246601
YCR073W-A,246980
YCR075C,248778
YCR075W-A,249006
YCR076C,250001
YCR077C,252606
YCR079W,252881
YCR081W,254429
YCR082W,258903
YCR083W,259596
YCR084C,262597
YCR086W,263384
YCR087C-A,264448
YCR088W,265082
YCR089W,267180
YCR090C,272845
YCR091W,274350
YCR092C,279839
YCR093W,280122
YCR094W,286752
YCR095C,289243
YCR095W-A,289564
YCR096C,293730
YCR097W,293898
YCR098C,298529
YCR099C,301232
YCR100C,302176
YCR101C,302968
YCR102C,305487
YCR104W,307545
YCR105W,309011
YCR106W,310990
YCR107W,313840
YCR108C,316160
YDL248W,1693
YDL247W,
YDL246C,
YDL245C,
YDL244W,
YDL243C,18643
YDL241W,20523
YDL240W,22672
YDL239C,28778
YDL238C,30465
YDL237W,30651
YDL236W,32312
YDL235C,33999
YDL234C,36573
YDL233W,36828
YDL232W,38501
YDL231C,42321
YDL230W,42695
YDL229W,44054
YDL227C,48051
YDL226C,52163
YDL225W,52436
YDL224C,56310
YDL223C,60394
YDL222C,61900
YDL220C,64977
YDL219W,65270
YDL218W,66500
YDL217C,68731
YDL216C,70275
YDL215C,74084
YDL214C,76535
YDL213C,77921
YDL212W,78435
YDL211C,80464
YDL210W,84171
YDL209C,87217
YDL208W,87535
YDL207W,88283
YDL206W,90073
YDL205C,93882
YDL204W,94540
YDL203C,98101
YDL202W,98461
YDL201W,99567
YDL200C,101041
YDL199C,103377
YDL198C,104642
YDL197C,106484
YDL195W,107124
YDL194W,111416
YDL193W,114613
YDL192W,116302
YDL191W,117506
YDL190C,121757
YDL189W,122021
YDL188C,125123
YDL186W,125627
YDL185W,126731
YDL184C,130440
YDL183C,131901
YDL182W,133343
YDL181W,135032
YDL180W,135798
YDL179W,138114
YDL178W,139540
YDL177C,141725
YDL176W,141995
YDL175C,145513
YDL174C,147783
YDL173W,148201
YDL171C,155919
YDL170W,156363
YDL169C,158726
YDL168W,159581
YDL167C,163160
YDL166C,164051
YDL165W,164316
YDL164C,167263
YDL161W,167760
YDL160C-A,169578
YDL160C,172169
YDL159W-A,172169
YDL159W,172471
YDL157C,174580
YDL156W,174885
YDL155W,176684
YDL154W,178300
YDL153C,183011
YDL150W,183290
YDL149W,184939
YDL148C,190598
YDL147W,190907
YDL146W,192621
YDL145C,198409
YDL144C,199721
YDL143W,200001
YDL142C,202576
YDL141W,202824
YDL140C,211077
YDL139C,212017
YDL138W,213120
YDL137W,216076
YDL136W,217603
YDL135C,219316
YDL134C,221225
YDL133C-A,221749
YDL133W,222338
YDL132W,224065
YDL131W,227372
YDL130W-A,229158
YDL130W,229890
YDL129W,230939
YDL128W,232585
YDL127W,234760
YDL126C,238686
YDL125C,239535
YDL124W,240240
YDL123W,241427
YDL122W,242502
YDL121C,245583
YDL120W,245870
YDL119C,247607
YDL118W,247212
YDL117W,248235
YDL116W,251560
YDL115C,255127
YDL114W,255549
YDL113C,258592
YDL112W,258896
YDL111C,264131
YDL110C,264995
YDL109C,267195
YDL108W,267744
YDL107W,268948
YDL106C,271902
YDL105W,272417
YDL104C,274870
YDL103C,276593
YDL102W,276820
YDL101C,281819
YDL100C,283161
YDL099W,283408
YDL098C,285152
YDL097C,286731
YDL095W,287062
YDL093W,289875
YDL092W,292791
YDL091C,294805
YDL090C,296313
YDL089W,296567
YDL088C,300069
YDL087C,300967
YDL086W,301433
YDL085C-A,302669
YDL085W,303159
YDL084W,305136
YDL083C,307763
YDL082W,308422
YDL081C,310148
YDL080C,312645
YDL079C,314940
YDL078C,316424
YDL077C,320260
YDL076C,321647
YDL075W,322219
YDL074C,326159
YDL073W,326478
YDL072C,330459
YDL070W,331085
YDL069C,333573
YDL067C,334403
YDL066W,334845
YDL065C,337262
YDL064W,337511
YDL063C,340195
YDL061C,341194
YDL060W,341629
YDL059C,345038
YDL058W,345662
YDL057W,351424
YDL056W,352794
YDL055C,356920
YDL054C,361309
YDL053C,362393
YDL052C,363580
YDL051W,363962
YDL049C,366101
YDL048C,368286
YDL047W,369589
YDL046W,371233
YDL045W-A,372258
YDL045C,373691
YDL044C,375249
YDL043C,376460
YDL042C,378469
YDL040C,381440
YDL039C,383993
YDL037C,385735
YDL036C,388844
YDL035C,392280
YDL033C,393911
YDL031W,394209
YDL030W,397495
YDL029W,399371
YDL028C,403398
YDL027C,404950
YDL025C,407370
YDL024C,409903
YDL022W,411687
YDL021W,413826
YDL020C,416928
YDL019C,421704
YDL018C,423529
YDL017W,424156
YDL015C,426945
YDL014W,427271
YDL013W,428962
YDL012C,431485
YDL010W,432316
YDL008W,433545
YDL007C-A,436906
YDL007W,438052
YDL006W,439615
YDL005C,442331
YDL004W,443013
YDL003W,444685
YDL002C,447676
YDL001W,447957
YDR001C,452509
YDR002W,453051
YDR003W,454096
YDR003W-A,454801
YDR004W,455292
YDR005C,458177
YDR006C,461494
YDR007W,461874
YDR009W,463377
YDR011W,465603
YDR012W,471859
YDR013W,473173
YDR014W,474060
YDR014W-A,477817
YDR016C,478742
YDR017C,482183
YDR018C,483853
YDR019C,485366
YDR020C,486491
YDR021W,486759
YDR022C,488654
YDR023W,489544
YDR025W,491546
YDR026C,494402
YDR027C,497387
YDR028C,501319
YDR030C,503253
YDR031W,503529
YDR032C,504832
YDR033W,507846
YDR034C,512205
YDR034C-A,520810
YDR034W-B,521257
YDR035W,521731
YDR036C,524729
YDR037W,525413
YDR038C,
YDR039C,
YDR040C,538877
YDR041W,539825
YDR042C,541340
YDR043C,543557
YDR044W,546488
YDR045C,548401
YDR046C,550653
YDR047W,551767
YDR049W,553254
YDR050C,556589
YDR051C,558059
YDR052C,560728
YDR054C,562455
YDR055W,563417
YDR056C,565659
YDR057W,565945
YDR058C,568709
YDR059C,569800
YDR060W,570609
YDR061W,574157
YDR062W,576133
YDR063W,578595
YDR064W,579461
YDR065W,580652
YDR066C,582594
YDR067C,583447
YDR068W,583715
YDR069C,587741
YDR070C,588364
YDR071C,589464
YDR072C,591464
YDR073W,592403
YDR074W,593693
YDR075W,597028
YDR076W,598466
YDR077W,600836
YDR078C,602860
YDR079W,603103
YDR079C-A,603808
YDR080W,604031
YDR081C,610127
YDR082W,610375
YDR083W,612111
YDR084C,614000
YDR085C,615294
YDR086C,617327
YDR087C,618306
YDR088C,619820
YDR089W,622001
YDR090C,626037
YDR091C,628548
YDR092W,629844
YDR093W,631056
YDR096W,636908
YDR097C,643901
YDR098C,644967
YDR099W,652729
YDR100W,655032
YDR101C,657447
YDR103W,657791
YDR104C,664911
YDR105C,666768
YDR106W,667020
YDR107C,671030
YDR108W,671262
YDR109C,675626
YDR110W,676067
YDR111C,679936
YDR113C,681657
YDR114C,682201
YDR115W,682201
YDR116C,683545
YDR117C,685630
YDR118W,685882
YDR119W,688136
YDR119W-A,690985
YDR120C,693213
YDR121W,693472
YDR122W,694456
YDR123C,699505
YDR124W,699818
YDR125C,702834
YDR126W,703271
YDR127W,704445
YDR128W,709521
YDR129C,715379
YDR130C,716614
YDR131C,718534
YDR132C,720404
YDR135C,727579
YDR137W,728208
YDR138W,730606
YDR139C,733892
YDR140W,734172
YDR141C,739999
YDR142C,741743
YDR143C,743960
YDR144C,746191
YDR145W,746735
YDR146C,750942
YDR147W,751256
YDR148C,755333
YDR150W,755596
YDR151C,765276
YDR152W,765710
YDR153C,768126
YDR155C,768974
YDR156W,769540
YDR158W,770339
YDR159W,771830
YDR160W,776030
YDR161W,779034
YDR162C,781199
YDR163W,781402
YDR164C,784216
YDR165W,784879
YDR166C,789240
YDR167W,789460
YDR168W,790330
YDR169C,794191
YDR169C-A,794811
YDR170C,802433
YDR171W,806560
YDR172W,808310
YDR173C,811654
YDR174W,812118
YDR175C,814168
YDR176W,814438
YDR177W,816809
YDR178W,817876
YDR179C,819151
YDR179W-A,819365
YDR180W,821208
YDR181C,827324
YDR182W,827573
YDR182W-A,829208
YDR183W,829557
YDR184C,831514
YDR185C,832530
YDR186C,835671
YDR188W,836410
YDR189W,838360
YDR190C,842007
YDR191W,842328
YDR192C,844890
YDR194C,847931
YDR194W-A,848143
YDR195W,848414
YDR196C,850970
YDR197W,851241
YDR198C,853957
YDR200C,856112
YDR201W,856348
YDR202C,857944
YDR204W,858155
YDR205W,859365
YDR206W,861759
YDR207C,867541
YDR208W,868126
YDR210W,871111
YDR211W,884709
YDR212W,887217
YDR213W,889539
YDR214W,892777
YDR216W,894598
YDR217C,903474
YDR218C,905049
YDR219C,907049
YDR221W,907317
YDR222W,910069
YDR223W,911635
YDR224C,914667
YDR225W,915441
YDR226W,916466
YDR227W,917499
YDR228C,923911
YDR229W,924741
YDR231C,927039
YDR232W,927203
YDR233C,930476
YDR234W,930975
YDR235W,933522
YDR236C,935892
YDR237W,936525
YDR238C,940804
YDR239C,943395
YDR240C,945129
YDR242W,946730
YDR243C,950267
YDR244W,950551
YDR245W,952753
YDR246W,954328
YDR246W-A,955142
YDR247W,955675
YDR248C,958381
YDR249C,960052
YDR251W,960346
YDR252W,963420
YDR253C,964770
YDR254W,965084
YDR255C,967816
YDR256C,969625
YDR257C,971423
YDR258C,974302
YDR259C,975925
YDR260C,977239
YDR261C,979249
YDR262W,993150
YDR263C,995600
YDR264C,998396
YDR265W,998693
YDR266C,1002179
YDR267C,1003522
YDR268W,1004006
YDR270W,1005604
YDR272W,1008979
YDR273W,1010119
YDR275W,1012271
YDR276C,1013786
YDR277C,1015707
YDR279W,1019339
YDR280W,1020679
YDR281C,1022411
YDR282C,1024754
YDR283C,1030254
YDR284C,1031713
YDR285W,1032033
YDR286C,1035821
YDR287W,1036021
YDR288W,1037207
YDR289C,1039502
YDR291W,1039771
YDR292C,1045112
YDR293C,1049488
YDR294C,1052249
YDR295C,1054881
YDR296W,1055205
YDR297W,1056445
YDR298C,1058943
YDR299W,1059629
YDR300C,1062812
YDR301W,1063301
YDR302W,1067714
YDR303C,1071703
YDR304C,1072620
YDR305C,1073442
YDR306C,1075170
YDR307W,1075877
YDR308C,1078448
YDR309C,1080232
YDR310C,1084633
YDR311W,1085106
YDR312W,1087571
YDR313C,1090100
YDR314C,1092528
YDR315C,1093558
YDR316W,1093796
YDR317W,1102199
YDR318W,1103781
YDR319C,1105848
YDR320C,1108086
YDR320C-A,1108470
YDR321W,1108705
YDR322W,1110607
YDR322C-A,1112260
YDR323C,1114028
YDR324C,1116684
YDR325W,1117152
YDR326C,1125065
YDR328C,1126024
YDR329C,1127557
YDR330W,1127845
YDR331W,1129612
YDR332W,1131033
YDR333C,1135413
YDR334W,1135649
YDR335W,1140831
YDR336W,1145323
YDR337W,1146331
YDR338C,1149457
YDR339C,1150484
YDR341C,1153621
YDR342C,1155994
YDR343C,1161392
YDR345C,1164671
YDR346C,1168800
YDR347W,1169123
YDR348C,1172022
YDR349C,1174228
YDR350C,1178184
YDR351W,1178478
YDR352W,1181642
YDR353W,1183266
YDR354W,1184685
YDR356W,1186128
YDR357C,1189662
YDR358W,1190056
YDR359C,1194840
YDR361C,1196255
YDR362C,1198796
YDR363W,1199057
YDR363W-A,1202165
YDR364C,1204169
YDR365C,1206397
YDR366C,1212855
YDR367W,1212855
YDR368W,1213871
YDR369C,1217543
YDR370C,1219097
YDR371W,1219386
YDR372C,1222388
YDR373W,1222709
YDR374C,1224335
YDR374W-A,1224794
YDR375C,1226523
YDR376W,1226791
YDR377W,1228587
YDR378C,1229571
YDR379W,1230091
YDR379C-A,1233488
YDR380W,1234090
YDR381W,1236526
YDR381C-A,1239142
YDR382W,1239432
YDR383C,1240635
YDR384C,1242173
YDR385W,1243224
YDR386W,1246105
YDR387C,1249911
YDR388W,1250192
YDR389W,1252055
YDR390C,1256828
YDR391C,1258085
YDR392W,1258673
YDR393W,1259876
YDR394W,1261624
YDR395W,1263247
YDR397C,1266880
YDR398W,1267452
YDR399W,1269962
YDR400W,1271004
YDR402C,1273723
YDR403W,1274509
YDR404C,1277304
YDR405W,1277653
YDR406W,1278996
YDR407C,1287982
YDR408C,1288896
YDR409W,1289412
YDR410C,1293089
YDR411C,1294383
YDR412W,1294696
YDR414C,1296826
YDR415C,1298186
YDR416W,1298393
YDR418W,1301637
YDR419W,1303168
YDR420W,1306047
YDR421W,1311997
YDR422C,1317844
YDR423C,1319211
YDR424C,1319815
YDR425W,1320047
YDR427W,1322236
YDR428C,1324225
YDR429C,1325292
YDR430C,1328511
YDR432W,1328815
YDR434W,1331170
YDR435C,1333952
YDR436W,1334556
YDR437W,1337297
YDR438W,1338283
YDR439W,1339611
YDR440W,1342452
YDR441C,1345290
YDR443C,1349975
YDR444W,1350265
YDR446W,1353760
YDR447C,1355511
YDR448W,1356053
YDR449C,1358904
YDR450W,1359901
YDR451C,1362304
YDR452W,1362758
YDR453C,1365346
YDR454C,1366815
YDR456W,1367486
YDR457W,1369699
YDR458C,1382039
YDR459C,1383479
YDR460W,1383745
YDR461W,1385248
YDR461C-A,1385781
YDR462W,1386062
YDR463W,1386829
YDR464W,1388776
YDR465C,1394554
YDR466W,1395066
YDR468C,1398750
YDR469W,1399030
YDR470C,1401255
YDR471W,1401783
YDR472W,1403300
YDR473C,1405879
YDR475C,1410085
YDR476C,1411120
YDR477W,1412120
YDR478W,1414585
YDR479C,1416873
YDR480W,1417349
YDR481C,1420275
YDR482C,1420889
YDR483W,1421175
YDR484W,1422771
YDR485C,1427166
YDR486C,1428086
YDR487C,1428974
YDR488C,1430768
YDR489W,1431036
YDR490C,1434278
YDR492W,1434756
YDR493W,1436174
YDR494W,1436929
YDR495C,1441166
YDR496C,1443392
YDR497C,1445540
YDR498C,1446972
YDR499W,1447849
YDR500C,1450852
YDR501W,1451256
YDR502C,1454580
YDR503C,1455878
YDR504C,1456644
YDR505C,1459416
YDR506C,1461557
YDR507C,1465897
YDR508C,1468480
YDR510W,1469266
YDR511W,1470042
YDR512C,1470758
YDR513W,1471031
YDR514C,1473018
YDR515W,1473248
YDR516C,1476443
YDR517W,1477206
YDR518W,1478488
YDR519W,1480422
YDR520C,1483489
YDR522C,1485216
YDR523C,1486957
YDR524C,1489031
YDR524W-C,1489410
YDR524C-B,1489915
YDR525W-A,1490608
YDR527W,1491080
YDR528W,1494300
YDR529C,1496566
YDR530C,1497729
YDR531W,1498220
YDR532C,1500552
YDR533C,1502199
YDR534C,1505017
YDR536W,1507985
YDR538W,1510896
YDR539W,1512071
YDR540C,1517742
YDR541C,1520870
YDR542W,1523160
YDR545W,
YEL077C,4008
YEL076C-A,
YEL076C,
YEL075C,
YEL073C,7477
YEL072W,13666
YEL071W,16325
YEL070W,19546
YEL069C,23261
YEL067C,26479
YEL066W,26736
YEL065W,27711
YEL064C,31243
YEL063C,33654
YEL062W,34395
YEL061C,39608
YEL060C,41962
YEL059C-A,42634
YEL058W,43277
YEL057C,45970
YEL056W,47145
YEL055C,51566
YEL054C,53192
YEL053C,56153
YEL052W,56565
YEL051W,58383
YEL050C,60869
YEL049W,63412
YEL048C,65148
YEL047C,66800
YEL046C,68889
YEL044W,69812
YEL043W,70499
YEL042W,73668
YEL041W,75580
YEL040W,78128
YEL039C,80128
YEL038W,80465
YEL037C,82728
YEL036C,84637
YEL035C,85592
YEL034W,85592
YEL033W,86258
YEL032W,86913
YEL031W,90264
YEL030W,94697
YEL029C,97842
YEL027W,100738
YEL026W,101885
YEL025C,106103
YEL024W,107188
YEL023C,111084
YEL022W,111379
YEL021W,116152
YEL020W-A,117213
YEL020C,120299
YEL019C,121244
YEL018W,121520
YEL017C-A,123030
YEL017W,123678
YEL016C,126351
YEL015W,126645
YEL013W,128628
YEL012W,131705
YEL011W,133198
YEL009C,140431
YEL007W,141641
YEL006W,144309
YEL005C,146722
YEL004W,146957
YEL003W,148216
YEL002C,150014
YEL001C,150942
YER001W,153460
YER002W,156806
YER003C,159093
YER004W,159575
YER005W,160506
YER006W,162734
YER007W,164535
YER007C-A,166836
YER008C,171823
YER009W,172118
YER010C,173324
YER011W,175149
YER012W,177825
YER013W,178833
YER014W,182597
YER014C-A,184691
YER015W,184552
YER016W,188295
YER017C,191831
YER018C,192588
YER019W,192890
YER019C-A,194555
YER020W,195084
YER021W,196958
YER022W,198852
YER023W,201096
YER024W,202156
YER025W,205240
YER026C,208497
YER027C,210274
YER028C,211972
YER029C,213179
YER030W,213454
YER031C,214734
YER032W,215028
YER033C,221291
YER034W,221839
YER035W,222651
YER036C,225223
YER037W,225813
YER038C,228193
YER039C,229472
YER039C-A,229472
YER040W,229750
YER041W,232415
YER042W,234915
YER043C,237132
YER044C,238079
YER044C-A,239783
YER045C,241746
YER046W,243164
YER047C,246617
YER048C,248247
YER048W-A,250683
YER049W,251671
YER050C,254393
YER051W,254693
YER052C,258022
YER053C,259854
YER053C-A,261321
YER054C,263738
YER055C,265706
YER056C,268208
YER056C-A,270173
YER057C,271152
YER058W,271760
YER059W,272507
YER060W,274464
YER060W-A,276593
YER061C,279648
YER062C,280835
YER063W,281645
YER064C,284300
YER065C,287144
YER066W,289398
YER067W,291984
YER068W,293006
YER069W,295335
YER070W,298919
YER071C,302274
YER072W,302797
YER073W,303749
YER074W,306329
YER074W-A,307658
YER075C,311391
YER076C,313911
YER077C,316497
YER078C,318489
YER078W-A,318489
YER079W,318751
YER080W,319980
YER081W,322661
YER082C,325949
YER083C,326999
YER085C,328115
YER086W,328286
YER087W,330547
YER087C-B,332828
YER088C,335368
YER089C,337598
YER090W,337914
YER091C,342337
YER092W,342908
YER093C,347638
YER093C-A,348391
YER094C,349382
YER095W,349921
YER096W,351779
YER098W,355368
YER099C,359050
YER100W,359545
YER101C,361792
YER102W,363175
YER103W,364448
YER104W,366822
YER105C,372002
YER106W,372300
YER107C,374675
YER109C,377762
YER110C,382192
YER111C,386192
YER112W,387189
YER113C,390179
YER114C,393972
YER115C,395033
YER116C,396214
YER117W,396783
YER118C,399196
YER119C,400821
YER120W,401140
YER121W,402275
YER122C,404361
YER123W,404682
YER124C,409151
YER125W,409717
YER126C,414214
YER127W,414516
YER128W,415892
YER129W,416786
YER130C,422521
YER131W,423560
YER132C,430838
YER133W,432487
YER134C,437811
YER136W,439520
YER137C,441793
YER138W-A,449383
YER139C,451317
YER140W,451560
YER141W,453415
YER142C,456065
YER143W,456321
YER144C,460216
YER145C,461753
YER146W,462449
YER147C,464850
YER148W,465151
YER149C,467489
YER150W,468239
YER151C,472473
YER152C,473986
YER153C,474896
YER154W,475058
YER155C,482854
YER156C,484315
YER157W,484803
YER158C,490843
YER159C,492063
YER161C,500359
YER162C,502878
YER163C,503787
YER164W,505097
YER165W,510234
YER166W,512523
YER167W,518228
YER168C,522654
YER169W,523168
YER170W,525942
YER171W,526998
YER172C,536037
YER173W,536278
YER174C,539264
YER175C,540359
YER175W-A,540559
YER176W,541701
YER177W,545557
YER178W,546801
YER179W,548390
YER180C,550608
YER180C-A,551107
YER182W,552571
YER183C,553905
YER184C,559181
YER185W,559369
YER186C,562745
YER187W,565627
YER188C-A,570033
YER189W,
YER190W,
YER190C-B,
YFL068W,
YFL067W,866
YFL066C,
YFL065C,
YFL064C,
YFL062W,6331
YFL061W,9442
YFL060C,10781
YFL059W,11250
YFL058W,12927
YFL057C,14849
YFL056C,16434
YFL055W,16706
YFL054C,22837
YFL053W,23490
YFL052W,28228
YFL051C,30536
YFL050C,36571
YFL049W,36841
YFL048C,40176
YFL047W,40445
YFL046W,42836
YFL045C,44471
YFL044C,45567
YFL042C,47729
YFL041W-A,47919
YFL041W,49155
YFL040W,51363
YFL039C,54804
YFL038C,55976
YFL037W,56345
YFL036W,58614
YFL034C-B,63991
YFL034C-A,64955
YFL034W,65319
YFL033C,74622
YFL031W,75094
YFL030W,76738
YFL029C,79168
YFL028C,80185
YFL027C,81859
YFL026W,82479
YFL025C,87285
YFL024C,90615
YFL023W,90995
YFL022C,94998
YFL021W,96131
YFL020C,99558
YFL018C,103191
YFL017W-A,103728
YFL017C,104459
YFL016C,106242
YFL014W,107208
YFL013C,109936
YFL012W,110599
YFL011W,112121
YFL010W-A,114753
YFL010C,115740
YFL009W,115991
YFL008W,119428
YFL007W,123395
YFL005W,130196
YFL004W,131561
YFL003C,135836
YFL002C,146877
YFL001W,147159
YFR001W,149130
YFR002W,150043
YFR003C,153141
YFR004W,153394
YFR005C,155788
YFR006W,156199
YFR007W,159450
YFR008W,160526
YFR009W,162483
YFR010W,165024
YFR011C,167245
YFR012W,167996
YFR012W-A,169239
YFR013W,169908
YFR014C,174032
YFR015C,176441
YFR016C,180790
YFR017C,182774
YFR018C,184244
YFR019W,184525
YFR021W,194757
YFR022W,196586
YFR023W,199799
YFR024C-A,203410
YFR025C,204769
YFR026C,207201
YFR027W,207443
YFR028C,210082
YFR029W,210912
YFR030W,213104
YFR031C,220145
YFR031C-A,221397
YFR032C,222949
YFR032C-A,223776
YFR032C-B,223969
YFR033C,224815
YFR034C,225957
YFR035C,226395
YFR036W,226933
YFR037C,229152
YFR038W,229428
YFR039C,233772
YFR040W,233988
YFR041C,238214
YFR042W,238454
YFR043C,239799
YFR044C,241418
YFR045W,242012
YFR046C,244113
YFR047C,245151
YFR048W,246150
YFR049W,248377
YFR050C,249861
YFR051C,251795
YFR052W,252524
YFR053C,255240
YFR055W,264116
YFR057W,268974
YGL263W,
YGL262W,
YGL261C,6593
YGL260W,6878
YGL259W,8524
YGL258W-A,9139
YGL258W,10459
YGL257C,14431
YGL256W,14431
YGL255W,20963
YGL254W,22323
YGL253W,23908
YGL252C,27491
YGL251C,30228
YGL250W,31924
YGL249W,33070
YGL248W,35569
YGL247W,36962
YGL246C,38785
YGL245W,39059
YGL244W,41485
YGL243W,43384
YGL242C,45213
YGL241W,45470
YGL240W,48635
YGL238W,49572
YGL237C,53248
YGL236C,56118
YGL235W,55224
YGL234W,56417
YGL233W,59125
YGL232W,62107
YGL231C,63581
YGL230C,64306
YGL229C,67210
YGL228W,67588
YGL227W,69663
YGL226C-A,73134
YGL226W,73397
YGL225W,76876
YGL224C,78926
YGL223C,80334
YGL222C,81205
YGL221C,82278
YGL220W,82458
YGL219C,84254
YGL216W,84648
YGL215W,87549
YGL213C,91213
YGL212W,91489
YGL211W,92580
YGL210W,93804
YGL209W,95774
YGL208W,97322
YGL207W,98932
YGL206C,107540
YGL205W,108167
YGL203C,114708
YGL202W,115970
YGL201C,120923
YGL200C,123302
YGL198W,123658
YGL197W,124534
YGL196W,129826
YGL195W,131542
YGL194C-A,140185
YGL194C,141741
YGL193C,142214
YGL192W,142214
YGL191W,144768
YGL190C,147901
YGL189C,148671
YGL188C-A,148943
YGL187C,150627
YGL186C,152816
YGL185C,154317
YGL184C,156019
YGL183C,157290
YGL181W,157874
YGL180W,159905
YGL179C,165134
YGL178W,167800
YGL176C,173060
YGL175C,174325
YGL174W,174563
YGL173C,180429
YGL172W,180726
YGL171W,182410
YGL170C,185402
YGL169W,186022
YGL168W,187529
YGL167C,190840
YGL166W,191130
YGL164C,193314
YGL163C,196502
YGL162W,197823
YGL161C,200222
YGL160W,200470
YGL159W,202731
YGL158W,206969
YGL157W,208976
YGL156W,210350
YGL155W,214011
YGL154C,216052
YGL153W,216280
YGL151W,217523
YGL150C,225705
YGL148W,226386
YGL147C,228325
YGL146C,229823
YGL145W,230234
YGL144C,234497
YGL143C,235932
YGL142C,238159
YGL141W,238357
YGL140C,245159
YGL139W,245441
YGL138C,249562
YGL137W,249853
YGL136C,253851
YGL135W,254594
YGL134W,255533
YGL133W,257483
YGL131C,265881
YGL130W,266128
YGL129C,269086
YGL128C,270115
YGL127C,270742
YGL126W,270969
YGL125W,272530
YGL124C,276736
YGL123W,277446
YGL122C,280498
YGL121C,281322
YGL120C,283936
YGL119W,284419
YGL117W,288420
YGL116W,289631
YGL115W,291954
YGL114W,293495
YGL113W,295916
YGL112C,299714
YGL111W,299983
YGL110C,303395
YGL108C,304071
YGL107C,306276
YGL106W,306581
YGL105W,307447
YGL104C,310163
YGL103W,310960
YGL101W,312207
YGL100W,313237
YGL099W,314642
YGL098W,317322
YGL097W,321787
YGL096W,325261
YGL095C,330613
YGL094C,334599
YGL093W,334867
YGL092W,337829
YGL091C,343048
YGL090W,343318
YGL089C,345202
YGL087C,346939
YGL086W,347203
YGL085W,349625
YGL084C,352289
YGL083W,353034
YGL082W,355785
YGL081W,357302
YGL080W,358599
YGL079W,359467
YGL078C,361884
YGL077C,363977
YGL076C,366116
YGL075C,368248
YGL073W,368732
YGL071W,371602
YGL070C,374818
YGL068W,375082
YGL067W,376070
YGL066W,377463
YGL065C,381273
YGL064C,383176
YGL063W,383468
YGL062W,385066
YGL061C,389730
YGL060W,389982
YGL059W,392231
YGL058W,393990
YGL057C,395777
YGL056C,397656
YGL055W,398506
YGL054C,401279
YGL053W,402462
YGL051W,403704
YGL050W,405782
YGL049C,409707
YGL048C,411273
YGL047W,411541
YGL045W,414074
YGL044C,417214
YGL043W,417496
YGL041C-B,418807
YGL041W-A,418807
YGL040C,420630
YGL039W,423863
YGL038C,426932
YGL037C,428012
YGL036W,428609
YGL035C,433133
YGL033W,435606
YGL032C,436954
YGL031C,437859
YGL030W,438936
YGL029W,440049
YGL028C,443007
YGL027C,446118
YGL026C,448522
YGL025C,449921
YGL023C,452090
YGL022W,452398
YGL021W,454836
YGL020C,457887
YGL019W,458126
YGL018C,459671
YGL017W,459894
YGL016W,461651
YGL015C,465454
YGL014W,465765
YGL013C,472423
YGL012W,472834
YGL011C,475216
YGL010W,475510
YGL009C,478704
YGL008C,482989
YGL007C-A,483093
YGL006W-A,485353
YGL006W,485518
YGL005C,490524
YGL004C,491917
YGL003C,494222
YGL002W,494500
YGL001C,496532
YGR001C,498005
YGR002C,499864
YGR003W,500162
YGR004W,502925
YGR005C,505842
YGR006W,506101
YGR007W,506995
YGR008C,508514
YGR009C,511019
YGR010W,511452
YGR012W,513172
YGR013W,514561
YGR014W,516689
YGR015C,522038
YGR016W,522281
YGR017W,523675
YGR019W,525193
YGR020C,527362
YGR021W,527643
YGR023W,529162
YGR024C,532608
YGR026W,532909
YGR027C,534930
YGR028W,542263
YGR029W,543588
YGR030C,546122
YGR031W,546401
YGR031C-A,547395
YGR032W,548069
YGR033C,555035
YGR034W,555833
YGR035C,557612
YGR035W-A,557612
YGR036C,558958
YGR037C,560023
YGR038W,560563
YGR040W,575218
YGR041W,577079
YGR042W,579498
YGR043C,581677
YGR044C,584027
YGR046W,584836
YGR047C,589449
YGR048W,589821
YGR049W,591213
YGR052W,593478
YGR053C,595891
YGR054W,596576
YGR055W,599388
YGR056W,601670
YGR057C,605523
YGR058W,606173
YGR059W,607599
YGR060W,610566
YGR061C,616070
YGR062C,617214
YGR063C,617795
YGR065C,619929
YGR066C,621898
YGR067C,624788
YGR068C,627094
YGR070W,627718
YGR071C,634053
YGR072W,634283
YGR074W,635736
YGR075C,636853
YGR076C,637576
YGR077C,639497
YGR078C,640352
YGR079W,640799
YGR080W,642010
YGR081C,643758
YGR082W,644055
YGR083C,646812
YGR084C,648035
YGR085C,648929
YGR086C,650710
YGR087C,653185
YGR088W,654739
YGR089W,656721
YGR090W,662131
YGR091W,666326
YGR092W,668148
YGR093W,670333
YGR094W,672236
YGR095C,676324
YGR096W,676623
YGR097W,678413
YGR098C,687641
YGR099W,687910
YGR100W,690198
YGR101W,693365
YGR102C,695110
YGR103W,695429
YGR104C,698359
YGR105W,698603
YGR106C,699808
YGR108W,703405
YGR109C,706553
YGR110W,713687
YGR111W,715827
YGR112W,717333
YGR113W,718858
YGR116W,720364
YGR117C,726425
YGR118W,727006
YGR119C,729729
YGR120C,730792
YGR121C,733180
YGR121W-A,733180
YGR122W,733698
YGR123C,738195
YGR124W,739897
YGR125W,742118
YGR126W,745721
YGR127W,746792
YGR128C,750068
YGR129W,750378
YGR130C,753921
YGR131W,754601
YGR132C,756470
YGR133W,756960
YGR134W,757661
YGR135W,761367
YGR136W,762425
YGR138C,765888
YGR140W,767519
YGR141W,770556
YGR142W,772322
YGR143W,774761
YGR144W,780212
YGR145W,781788
YGR146C,785155
YGR146C-A,785464
YGR147C,786954
YGR148C,787859
YGR149W,788663
YGR150C,793035
YGR152C,795594
YGR153W,796100
YGR154C,798117
YGR155W,798525
YGR156W,800390
YGR157W,802204
YGR158C,806040
YGR159C,807724
YGR161C,809518
YGR161W-C,810220
YGR162W,823996
YGR163W,827535
YGR165W,829132
YGR166W,830480
YGR167W,832425
YGR168C,834505
YGR169C,835871
YGR169C-A,836702
YGR170W,837127
YGR171C,842525
YGR172C,843561
YGR173W,843852
YGR174C,846319
YGR174W-A,846547
YGR175C,848427
YGR177C,850484
YGR178C,853396
YGR179C,854889
YGR180C,856559
YGR181W,858282
YGR183C,859525
YGR184C,866094
YGR185C,867495
YGR186W,867798
YGR187C,871433
YGR188C,875117
YGR189C,878316
YGR191W,880268
YGR192C,883870
YGR193C,885778
YGR194C,887788
YGR195W,888791
YGR196C,892188
YGR197C,894293
YGR198W,894693
YGR199W,897485
YGR200C,902290
YGR201C,903284
YGR202C,904705
YGR203W,905273
YGR204W,905915
YGR204C-A,909107
YGR205W,909107
YGR206W,910480
YGR207C,911638
YGR208W,911885
YGR209C,913271
YGR210C,914811
YGR211W,915192
YGR212W,917076
YGR213C,919852
YGR214W,920578
YGR215W,922168
YGR216C,924445
YGR217W,924707
YGR218W,932301
YGR220C,936867
YGR221C,938921
YGR222W,939954
YGR223C,942214
YGR224W,942712
YGR225W,945074
YGR227W,947375
YGR229C,951197
YGR230W,952020
YGR231C,953502
YGR232W,953985
YGR233C,958400
YGR234W,959933
YGR235C,962074
YGR236C,962836
YGR237C,965663
YGR238C,968614
YGR239C,970109
YGR240C,973982
YGR240C-A,974873
YGR241C,976691
YGR243W,977232
YGR244C,979393
YGR245C,982106
YGR246C,984231
YGR247W,984885
YGR248W,986071
YGR249W,987827
YGR250C,993692
YGR251W,995650
YGR252W,996879
YGR253C,999160
YGR254W,1000863
YGR255C,1004040
YGR256W,1004489
YGR257C,1007389
YGR258C,1010774
YGR260W,1012530
YGR261C,1016726
YGR262C,1017737
YGR263C,1019262
YGR264C,1021848
YGR266W,1022669
YGR267C,1025851
YGR268C,1026667
YGR270W,1026952
YGR271W,1031814
YGR271C-A,1038488
YGR273C,1039273
YGR274C,1043076
YGR275W,1043301
YGR276C,1045443
YGR277C,1046526
YGR278W,1046783
YGR279C,1050072
YGR280C,1051680
YGR281W,1052652
YGR282C,1058739
YGR283C,1060027
YGR284C,1061620
YGR285C,1063129
YGR286C,1065146
YGR287C,1069165
YGR288W,1070250
YGR289C,1075908
YGR292W,1076447
YGR294W,1080206
YGR295C,1082702
YGR296W,
YHL050C,3301
YHL049C,4905
YHL048C-A,5790
YHL048W,6427
YHL047C,10294
YHL046C,12379
YHL044W,13578
YHL043W,14990
YHL042W,15889
YHL040C,20935
YHL039W,21778
YHL038C,25508
YHL036W,26170
YHL035C,32756
YHL034C,34153
YHL033C,36002
YHL032C,38521
YHL031C,39456
YHL030W,40074
YHL029C,47958
YHL028W,48300
YHL027W,51048
YHL026C,54302
YHL025W,54862
YHL024W,56569
YHL023C,62552
YHL022C,64217
YHL021C,65883
YHL020C,67494
YHL019C,69505
YHL018W,69733
YHL017W,70305
YHL016C,74328
YHL015W-A,74671
YHL015W,75416
YHL014C,77286
YHL013C,78325
YHL012W,78941
YHL011C,81731
YHL010C,83750
YHL009C,85147
YHL008C,
YHL007C,98029
YHL006C,98880
YHL004W,99172
YHL003C,101975
YHL002W,102646
YHL001W,104289
YHR001W,106031
YHR001W-A,107793
YHR002W,108705
YHR003C,111264
YHR004C,113180
YHR005C,115034
YHR005C-A,115892
YHR006W,117828
YHR007C,121861
YHR007C-A,122679
YHR008C,123620
YHR009C,125951
YHR010W,126548
YHR011W,127764
YHR012W,129495
YHR013C,131441
YHR014W,132033
YHR015W,134588
YHR016C,138486
YHR017W,138735
YHR018C,141425
YHR019C,143581
YHR020W,143911
YHR021C,148697
YHR021W-A,149262
YHR022C,150713
YHR022C-A,151225
YHR023W,151608
YHR024C,159177
YHR025W,159441
YHR026W,160760
YHR027C,164727
YHR028C,167441
YHR029C,168572
YHR030C,170277
YHR031C,172959
YHR032W,173291
YHR033W,175541
YHR034C,177973
YHR035W,178226
YHR036W,180282
YHR037W,181949
YHR038W,184096
YHR039C,186888
YHR039C-A,187649
YHR040W,187939
YHR041C,190351
YHR042W,190527
YHR043C,193663
YHR044C,194865
YHR045W,195466
YHR046C,198376
YHR047C,201343
YHR048W,204502
YHR049W,206452
YHR050W,207521
YHR050W-A,209431
YHR051W,209599
YHR052W,210863
YHR053C,
YHR054C,214294
YHR055C,
YHR056C,217829
YHR057C,218810
YHR058C,219881
YHR059W,220087
YHR060W,220791
YHR061C,222626
YHR062C,223733
YHR063C,225174
YHR064C,227150
YHR065C,229025
YHR066W,229334
YHR067W,230983
YHR068W,232114
YHR069C,234628
YHR070W,234873
YHR071W,236640
YHR072W,239073
YHR072W-A,241656
YHR073W,242534
YHR074W,246197
YHR075C,249654
YHR076W,251129
YHR077C,255768
YHR078W,256341
YHR079C,261791
YHR079C-A,262556
YHR080C,266989
YHR081W,267524
YHR082C,271912
YHR083W,272648
YHR084W,273923
YHR085W,276796
YHR086W,277985
YHR086W-A,280220
YHR087W,280705
YHR088W,281509
YHR089C,283300
YHR090C,284597
YHR091C,286812
YHR092C,288984
YHR094C,292653
YHR096C,296467
YHR097C,298717
YHR098C,301960
YHR099W,302736
YHR100C,314652
YHR101C,316177
YHR102W,316418
YHR103W,320188
YHR104W,323347
YHR105W,324717
YHR106W,325580
YHR107C,328051
YHR108W,328319
YHR109W,330269
YHR110W,332307
YHR111W,333100
YHR112C,335677
YHR113W,336369
YHR114W,338054
YHR115C,341498
YHR116W,341779
YHR117W,342349
YHR118C,345594
YHR119W,345858
YHR120W,349609
YHR121W,352737
YHR122W,353602
YHR123W,354836
YHR124W,356629
YHR126C,360139
YHR127W,360915
YHR128W,362047
YHR129C,364205
YHR131C,368101
YHR132C,369790
YHR132W-A,370075
YHR133C,371556
YHR134W,371821
YHR135C,374382
YHR136C,375026
YHR137W,375699
YHR138C,377717
YHR139C,379116
YHR140W,380531
YHR141C,382741
YHR142W,383450
YHR143W,385216
YHR143W-A,387240
YHR144C,388710
YHR146W,390309
YHR147C,393292
YHR148W,393563
YHR149C,396730
YHR150W,397233
YHR151C,400980
YHR152W,401322
YHR153C,402654
YHR154W,402971
YHR155W,407050
YHR156C,412384
YHR157W,412558
YHR158C,417274
YHR159W,417536
YHR160C,420062
YHR161C,422429
YHR162W,422920
YHR163W,423741
YHR164C,429227
YHR165C,437010
YHR166C,439093
YHR167W,439337
YHR168W,440352
YHR169W,442151
YHR170W,443807
YHR171W,445754
YHR172W,448284
YHR174W,451226
YHR175W,452961
YHR175W-A,453559
YHR176W,454176
YHR177W,456540
YHR178W,459157
YHR179W,462560
YHR181W,467255
YHR182W,468245
YHR183W,470861
YHR184W,472761
YHR185C,475408
YHR186C,480730
YHR187W,481003
YHR188C,483804
YHR189W,484070
YHR190W,484840
YHR191C,486606
YHR192W,486851
YHR193C,488223
YHR194W,488632
YHR195W,490640
YHR196W,491942
YHR197W,493906
YHR198C,497206
YHR199C,498470
YHR199C-A,498849
YHR200W,499100
YHR201C,501115
YHR202W,502013
YHR203C,505522
YHR204W,506312
YHR205W,508953
YHR206W,512477
YHR207C,516453
YHR208W,517529
YHR209W,519409
YHR210C,521869
YHR211W,523115
YHR212W-A,
YHR213W,
YHR213W-A,
YHR213W-B,540808
YHR214W,541476
YHR214C-D,
YHR214C-E,551511
YHR215W,
YHR216W,554183
YHR218W,
YHR219W,
YIL177C,
YIL176C,
YIL173W,
YIL172C,
YIL169C,26110
YIL166C,32562
YIL165C,34063
YIL164C,34988
YIL162W,37471
YIL161W,39467
YIL160C,41535
YIL159W,41847
YIL158W,46206
YIL157C,47527
YIL156W-B,47744
YIL156W,48132
YIL155C,53728
YIL154C,54994
YIL153W,55226
YIL152W,56586
YIL151C,60811
YIL150C,62726
YIL149C,68151
YIL148W,68566
YIL147C,73606
YIL146C,75730
YIL145C,77283
YIL144W,78027
YIL143C,83026
YIL142W,83323
YIL140W,85324
YIL139C,88629
YIL138C,89699
YIL137C,92766
YIL136W,93594
YIL135C,96386
YIL134C-A,96682
YIL134W,97567
YIL133C,99402
YIL132C,100478
YIL131C,102279
YIL130W,102671
YIL129C,113304
YIL128W,113760
YIL127C,117636
YIL126W,117997
YIL125W,122442
YIL124W,126183
YIL123W,127465
YIL122W,130391
YIL121W,132181
YIL120W,135240
YIL119C,138078
YIL118W,139670
YIL117C,141735
YIL116W,142928
YIL115C,148840
YIL114C,149985
YIL113W,150549
YIL112W,151600
YIL111W,155199
YIL110W,156081
YIL109C,160206
YIL108W,160743
YIL107C,165919
YIL106W,166376
YIL105C,169763
YIL104C,171498
YIL103W,171741
YIL102C-A,173622
YIL102C,174861
YIL101C,177386
YIL099W,178004
YIL098C,180215
YIL097W,180466
YIL096C,183117
YIL095W,183821
YIL094C,187647
YIL093C,188804
YIL092W,189046
YIL091C,193166
YIL090W,193344
YIL089W,195586
YIL088C,199399
YIL087C,200106
YIL085C,202037
YIL084C,203229
YIL083C,204669
YIL079C,211979
YIL078W,212504
YIL077C,215972
YIL076W,216681
YIL075C,220712
YIL074C,222579
YIL073C,225975
YIL072W,226532
YIL071C,229941
YIL070C,231086
YIL069C,232388
YIL068C,235478
YIL067C,237743
YIL066C,240677
YIL065C,241748
YIL064W,242075
YIL063C,243742
YIL062C,244437
YIL061C,245547
YIL060W,246189
YIL057C,248487
YIL056W,249731
YIL055C,254096
YIL053W,255047
YIL052C,257051
YIL051C,258307
YIL050W,258868
YIL049W,260191
YIL048W,261184
YIL047C,267862
YIL046W-A,268199
YIL046W,268650
YIL045W,271098
YIL044C,273845
YIL043C,274937
YIL042C,276284
YIL041W,276557
YIL040W,277771
YIL039W,278450
YIL038C,282857
YIL037C,285215
YIL036W,285504
YIL035C,288991
YIL034C,290061
YIL033C,291740
YIL031W,292509
YIL030C,300045
YIL029C,301313
YIL027C,304110
YIL026C,307917
YIL024C,309232
YIL023C,310367
YIL022W,311086
YIL021W,312883
YIL020C,314849
YIL019W,315114
YIL018W,316794
YIL017C,320987
YIL016W,321447
YIL015W,322257
YIL014C-A,325577
YIL014W,325982
YIL013C,332524
YIL011W,333672
YIL010W,334901
YIL009C-A,336204
YIL009W,339382
YIL008W,342519
YIL007C,343663
YIL006W,344084
YIL005W,345604
YIL004C,348472
YIL003W,349089
YIL002W-A,350316
YIL002C,353627
YIL001W,353924
YIR001C,356928
YIR002C,360461
YIR003W,360895
YIR004W,363244
YIR005W,364904
YIR006C,369917
YIR007W,370788
YIR008C,374271
YIR009W,374542
YIR010W,375413
YIR011C,378231
YIR012W,378493
YIR013C,380451
YIR014W,381108
YIR015W,381971
YIR016W,382574
YIR017C,384030
YIR018W,384624
YIR018C-A,385775
YIR019C,393717
YIR021W,397288
YIR021W-A,398514
YIR022W,398747
YIR023W,399797
YIR024C,403471
YIR025W,403652
YIR026C,405936
YIR027C,407920
YIR028W,408542
YIR029W,410885
YIR030C,412763
YIR031C,414761
YIR032C,415652
YIR033W,416087
YIR034C,420769
YIR035C,421789
YIR036C,422847
YIR037W,423108
YIR038C,424504
YIR039C,432054
YIR041W,433842
YIR042C,435979
YJL225C,
YJL223C,
YJL222W,
YJL221C,18919
YJL219W,
YJL218W,21922
YJL217W,23058
YJL216C,26239
YJL214W,26935
YJL213W,31723
YJL212C,36257
YJL210W,36777
YJL209W,37966
YJL208C,41207
YJL207C,47400
YJL206C,50039
YJL205C,50473
YJL204C,53119
YJL203W,53368
YJL201W,54407
YJL200C,58916
YJL198W,60845
YJL197W,63794
YJL196C,68787
YJL194W,69305
YJL193W,71412
YJL192C,73406
YJL191W,73805
YJL190C,75287
YJL189W,75966
YJL187C,79407
YJL186W,80146
YJL185C,82994
YJL184W,83447
YJL183W,84047
YJL181W,85670
YJL180C,88529
YJL179W,88771
YJL178C,90065
YJL177W,90763
YJL176C,94543
YJL174W,95004
YJL173C,96493
YJL172W,97734
YJL171C,100895
YJL170C,101823
YJL168C,104471
YJL167W,104976
YJL166W,106396
YJL165C,109568
YJL164C,111369
YJL163C,113374
YJL162C,115622
YJL161W,117263
YJL160C,119114
YJL159W,120345
YJL158C,123036
YJL157C,126418
YJL156C,128970
YJL155C,130772
YJL154C,133978
YJL153C,135911
YJL151C,136788
YJL149W,137373
YJL148W,140431
YJL147C,142610
YJL146W,143205
YJL145W,145139
YJL144W,146307
YJL143W,147112
YJL141C,150491
YJL140W,150899
YJL139C,153062
YJL138C,154719
YJL137C,156161
YJL136W-A,156161
YJL136C,157265
YJL134W,158169
YJL133C-A,159793
YJL133W,160502
YJL132W,161946
YJL131C,165329
YJL130C,172958
YJL129C,177562
YJL128C,180279
YJL127C-B,181756
YJL127C,184263
YJL126W,184515
YJL125C,186650
YJL124C,187773
YJL123C,189416
YJL122W,189741
YJL121C,191116
YJL118W,191707
YJL117W,192523
YJL116C,195068
YJL115W,196268
YJL112W,205343
YJL111W,207869
YJL110C,211604
YJL109C,217290
YJL108C,218825
YJL107C,220147
YJL106W,221307
YJL105W,223763
YJL104W,227335
YJL103C,231059
YJL102W,231323
YJL101C,236465
YJL100W,236858
YJL099W,239394
YJL098W,241977
YJL097W,245580
YJL096W,246482
YJL095W,247232
YJL094C,254435
YJL093C,256739
YJL092W,257268
YJL091C,262497
YJL090C,265095
YJL089W,265811
YJL088W,268753
YJL087C,272547
YJL085W,272813
YJL084C,278098
YJL083W,278821
YJL082W,280985
YJL081C,285293
YJL080C,289424
YJL079C,290900
YJL078C,294130
YJL077W-B,294130
YJL077C,295038
YJL076W,295217
YJL074C,302851
YJL073W,303299
YJL072C,305856
YJL071W,306126
YJL070C,310659
YJL069C,312716
YJL068C,313953
YJL066C,314844
YJL065C,315543
YJL063C,316460
YJL062W-A,316728
YJL062W,317307
YJL061W,320012
YJL060W,323363
YJL059W,324972
YJL058C,327869
YJL057C,330161
YJL056C,333163
YJL055W,333393
YJL054W,334309
YJL053W,335892
YJL052C-A,338049
YJL052W,338206
YJL051W,339674
YJL050W,342494
YJL049W,345979
YJL048C,348818
YJL047C-A,349371
YJL047C,352149
YJL046W,352430
YJL045W,356082
YJL044C,359669
YJL043W,359961
YJL042W,361127
YJL041W,365751
YJL039C,373920
YJL038C,376134
YJL037W,376708
YJL036W,378752
YJL035C,380997
YJL034W,381317
YJL033W,383858
YJL031C,387439
YJL030W,387646
YJL029C,390860
YJL028W,391406
YJL027C,392236
YJL026W,392418
YJL025W,393976
YJL024C,396582
YJL023C,398364
YJL020C,402452
YJL019W,402812
YJL016W,405394
YJL014W,407573
YJL013C,410977
YJL012C,413391
YJL011C,414785
YJL010C,419547
YJL008C,421662
YJL006C,424101
YJL005W,425056
YJL004C,432179
YJL003W,432618
YJL002C,434658
YJL001W,435159
YJR001W,436777
YJR002W,438910
YJR003C,442468
YJR004C,445626
YJR005W,445917
YJR005C-A,448961
YJR006W,449248
YJR007W,450960
YJR008W,452307
YJR009C,454663
YJR010W,455988
YJR010C-A,458359
YJR011C,459407
YJR012C,460177
YJR013W,460371
YJR014W,461851
YJR015W,462708
YJR016C,466220
YJR017C,467069
YJR019C,468260
YJR021C,469561
YJR022W,469808
YJR024C,470929
YJR025C,471787
YJR030C,486282
YJR031C,490856
YJR032W,491098
YJR033C,496435
YJR034W,496640
YJR035W,497402
YJR036C,503491
YJR039W,503924
YJR040W,507777
YJR041C,513800
YJR042W,514077
YJR043C,517476
YJR044C,519190
YJR045C,521823
YJR046W,522014
YJR047C,525347
YJR048W,526197
YJR049C,528480
YJR050W,528732
YJR051W,529931
YJR052W,532124
YJR053W,534000
YJR054W,536003
YJR055W,538810
YJR056C,542623
YJR057W,544117
YJR058C,545233
YJR059W,545744
YJR060W,548669
YJR061W,550455
YJR062C,554812
YJR063W,555221
YJR064W,555907
YJR065C,559140
YJR066W,559435
YJR067C,567403
YJR068W,567656
YJR069C,569369
YJR070C,570621
YJR072C,572108
YJR073C,572939
YJR074W,573180
YJR075W,573968
YJR076C,576634
YJR077C,578176
YJR078W,578915
YJR079W,580142
YJR080C,581596
YJR082C,582338
YJR083C,583512
YJR084W,583749
YJR085C,585412
YJR086W,586063
YJR088C,587362
YJR089W,587636
YJR090C,594560
YJR091C,598332
YJR092W,598684
YJR093C,604217
YJR094C,605606
YJR094W-A,608318
YJR095W,609838
YJR096W,611029
YJR097W,612362
YJR098C,615204
YJR099W,615461
YJR100C,617355
YJR101W,618226
YJR102C,619814
YJR103W,620600
YJR104C,623015
YJR105W,623579
YJR106W,624605
YJR107W,627377
YJR108W,628925
YJR109C,632910
YJR110W,633541
YJR111C,636773
YJR112W,637063
YJR112W-A,637782
YJR113C,638968
YJR115W,639869
YJR116W,640675
YJR117W,642034
YJR118C,644109
YJR119C,646537
YJR120W,647071
YJR121W,647407
YJR122W,649725
YJR123W,651940
YJR124C,654252
YJR125C,655969
YJR126C,658615
YJR127C,663422
YJR129C,665016
YJR130C,667147
YJR131W,667613
YJR132W,669507
YJR133W,672939
YJR134C,675886
YJR135C,676774
YJR135W-A,677006
YJR136C,678647
YJR137C,683251
YJR138W,684565
YJR139C,690547
YJR140C,695742
YJR141W,695924
YJR142W,697174
YJR143C,700649
YJR144W,700889
YJR145C,703060
YJR147W,704103
YJR148W,705693
YJR149W,707220
YJR150C,709637
YJR151C,715647
YJR151W-A,717533
YJR152W,719629
YJR153W,722831
YJR154W,725604
YJR155W,727375
YJR156C,
YJR158W,
YJR159W,
YJR160C,
YJR161C,743973
YKL224C,2272
YKL222C,5714
YKL221W,5544
YKL220C,11137
YKL219W,14572
YKL218C,18408
YKL217W,22310
YKL216W,25180
YKL215C,30710
YKL214C,31720
YKL213C,34106
YKL212W,34406
YKL211C,38196
YKL210W,39167
YKL209C,46354
YKL208W,47134
YKL207W,48198
YKL206C,49777
YKL205W,50066
YKL204W,53724
YKL203C,63504
YKL201C,66209
YKL198C,70289
YKL197C,73869
YKL196C,75540
YKL195W,75832
YKL194C,78610
YKL193C,79851
YKL192C,80559
YKL191W,81055
YKL190W,82942
YKL189W,84625
YKL188C,88575
YKL187C,91107
YKL186C,93309
YKL185W,94056
YKL184W,96588
YKL183C-A,98623
YKL183W,98623
YKL182W,100396
YKL181W,107150
YKL180W,109284
YKL179C,112506
YKL178C,114001
YKL176C,118294
YKL175W,118792
YKL174C,122261
YKL173W,122532
YKL172W,125765
YKL171W,127373
YKL170W,130610
YKL168C,133412
YKL167C,134092
YKL166C,135851
YKL165C,140744
YKL164C,142920
YKL163W,144332
YKL162C,148901
YKL161C,150934
YKL160W,153296
YKL159C,154440
YKL157W,154996
YKL156W,158618
YKL155C,161318
YKL154W,161564
YKL152C,164473
YKL151C,165994
YKL150W,166409
YKL149C,168808
YKL148C,171293
YKL146W,171798
YKL145W,174190
YKL144C,176496
YKL143W,176772
YKL142W,178464
YKL141W,179683
YKL140W,180548
YKL139W,182816
YKL138C-A,184995
YKL138C,185730
YKL137W,185920
YKL135C,188733
YKL134C,191454
YKL133C,193055
YKL132C,195006
YKL130C,196055
YKL129C,200204
YKL128C,201752
YKL127W,203557
YKL126W,205553
YKL125W,208154
YKL124W,210464
YKL122C,212996
YKL121W,213981
YKL120W,217283
YKL119C,219209
YKL117W,220327
YKL116C,223066
YKL114C,224449
YKL113C,225855
YKL112W,226464
YKL110C,229893
YKL109W,232054
YKL108W,234464
YKL107W,236208
YKL106C-A,237227
YKL106W,237485
YKL105C,242729
YKL104C,245525
YKL103C,247713
YKL101W,248601
YKL100C,255445
YKL099C,256464
YKL098W,256767
YKL096C-B,259215
YKL096W-A,259215
YKL096W,261184
YKL095W,262179
YKL094W,263382
YKL093W,264702
YKL092C,269547
YKL091C,270663
YKL090W,271908
YKL089W,273425
YKL088W,275268
YKL087C,277917
YKL086W,278234
YKL085W,279039
YKL084W,280501
YKL082C,282338
YKL081W,282879
YKL080W,284961
YKL079W,286565
YKL078W,288870
YKL077W,291413
YKL075C,294349
YKL074C,296159
YKL073W,296439
YKL072W,299411
YKL071W,305100
YKL070W,306197
YKL069W,307284
YKL068W-A,309175
YKL068W,310159
YKL067W,314761
YKL065W-A,315946
YKL065C,317093
YKL064W,317600
YKL063C,321673
YKL062W,323121
YKL061W,325830
YKL060C,327611
YKL059C,329471
YKL058W,330176
YKL057C,333982
YKL056C,334999
YKL055C,336180
YKL054C,338854
YKL053C-A,339510
YKL052C,340489
YKL051W,341165
YKL050C,345527
YKL049C,346785
YKL048C,349169
YKL047W,349483
YKL046C,352796
YKL045W,353454
YKL043W,356473
YKL042W,358365
YKL041W,360063
YKL040C,361836
YKL039W,362536
YKL038W,365399
YKL037W,369343
YKL035W,369804
YKL034W,371769
YKL033W-A,374448
YKL033W,375483
YKL032C,381980
YKL029C,384671
YKL028W,385762
YKL027W,387500
YKL026C,390017
YKL025C,392257
YKL024C,393365
YKL023C-A,393365
YKL023W,393742
YKL022C,397099
YKL021C,398537
YKL020C,402091
YKL019W,402559
YKL018C-A,403876
YKL018W,404110
YKL017C,407201
YKL016C,408080
YKL015W,408496
YKL014C,416915
YKL013C,418008
YKL012W,418270
YKL011C,421168
YKL010C,425938
YKL009W,426248
YKL008C,428685
YKL007W,429310
YKL006C-A,430611
YKL006W,431943
YKL005C,434941
YKL004W,435264
YKL003C,437488
YKL002W,437742
YKL001C,439460
YKR001C,442731
YKR002W,443031
YKR003W,445356
YKR004C,448017
YKR005C,450184
YKR006C,451193
YKR007W,451453
YKR008W,452237
YKR009C,456985
YKR010C,461296
YKR011C,462752
YKR013W,463926
YKR014C,466169
YKR015C,468721
YKR016W,469720
YKR017C,473438
YKR018C,475865
YKR019C,478115
YKR020W,478355
YKR021W,479216
YKR022C,483157
YKR023W,483408
YKR024C,487392
YKR025W,487772
YKR026C,489694
YKR027W,491299
YKR028W,493924
YKR029C,499796
YKR030W,500264
YKR031C,506503
YKR034W,506809
YKR035W-A,507962
YKR036C,510587
YKR037C,511752
YKR038C,513139
YKR039W,514958
YKR041W,518292
YKR042W,519349
YKR043C,521696
YKR044W,521955
YKR045C,523936
YKR046C,525070
YKR048C,526636
YKR049C,527234
YKR050W,527824
YKR051W,530912
YKR052C,533448
YKR053C,535276
YKR054C,547937
YKR055W,548198
YKR056W,549605
YKR057W,551663
YKR058W,552827
YKR059W,554967
YKR060W,556517
YKR061W,557615
YKR062W,559660
YKR063C,562265
YKR064W,562562
YKR065C,565873
YKR066C,567185
YKR067W,567856
YKR068C,570922
YKR069W,571504
YKR070W,573623
YKR071C,575969
YKR072C,578247
YKR074W,579217
YKR075C,580798
YKR076W,582057
YKR077W,583630
YKR078W,584986
YKR079C,589543
YKR080W,590299
YKR081C,592541
YKR082W,592830
YKR083C,596851
YKR084C,598904
YKR085C,599644
YKR086W,599893
YKR087C,604222
YKR088C,605368
YKR089C,608406
YKR090W,608837
YKR091W,611496
YKR092C,613850
YKR093W,615579
YKR094C,618715
YKR095W,619669
YKR095W-A,625875
YKR096W,626587
YKR097W,631156
YKR098C,635265
YKR099W,635629
YKR100C,640296
YKR101W,640565
YKR102W,646302
YKR103W,653022
YKR104W,656768
YKR105C,660409
YKR106W,661343
YLL067C,
YLL066W-B,5683
YLL066C,
YLL064C,13474
YLL063C,15983
YLL062C,17668
YLL061W,17965
YLL060C,21808
YLL058W,23528
YLL057C,26942
YLL056C,28103
YLL055W,29540
YLL054C,35215
YLL053C,35967
YLL052C,36459
YLL051C,39511
YLL050C,40513
YLL049W,40681
YLL048C,46417
YLL046C,47374
YLL045C,48627
YLL043W,49914
YLL042C,52591
YLL041C,53963
YLL040C,63713
YLL039C,65299
YLL038C,66501
YLL036C,68209
YLL035W,68479
YLL034C,73152
YLL033W,73431
YLL032C,76772
YLL031C,80202
YLL029W,81380
YLL028W,84654
YLL027W,87262
YLL026W,88520
YLL025W,94159
YLL024C,97521
YLL023C,98919
YLL022C,100175
YLL021W,100843
YLL019C,107988
YLL018C-A,108952
YLL018C,111583
YLL015W,116350
YLL014W,121348
YLL013C,124946
YLL012W,125508
YLL011W,127556
YLL010C,130799
YLL009C,131429
YLL008W,131731
YLL007C,136340
YLL006W-A,136340
YLL006W,136588
YLL005C,140524
YLL004W,141122
YLL003W,143187
YLL002W,146274
YLL001W,147860
YLR001C,153949
YLR002C,156337
YLR003C,157703
YLR004C,159799
YLR005W,160054
YLR006C,164036
YLR007W,164426
YLR008C,166133
YLR009W,166408
YLR010C,167993
YLR011W,169036
YLR012C,170354
YLR013W,171308
YLR014C,174999
YLR015W,175233
YLR016C,177420
YLR017W,177654
YLR018C,179629
YLR019W,180038
YLR020C,183408
YLR021W,183631
YLR022C,184957
YLR023C,187294
YLR024C,193418
YLR025W,194438
YLR026C,196541
YLR027C,198063
YLR028C,201450
YLR029C,202569
YLR030W,203374
YLR031W,204205
YLR032W,204984
YLR033W,208759
YLR034C,212074
YLR035C,214444
YLR036C,222108
YLR037C,223270
YLR038C,225226
YLR039C,228479
YLR040C,229679
YLR042C,230575
YLR043C,232007
YLR044C,234211
YLR045C,237733
YLR046C,238980
YLR047C,241637
YLR048W,242213
YLR049C,245328
YLR050C,246099
YLR051C,246949
YLR052W,247196
YLR053C,248327
YLR054C,251042
YLR055C,253082
YLR056W,253796
YLR057W,255299
YLR058C,259486
YLR059C,260474
YLR060W,260978
YLR061W,263203
YLR063W,264250
YLR064W,265447
YLR065C,266905
YLR066W,267188
YLR067C,270764
YLR068W,271030
YLR069C,273874
YLR070C,275063
YLR071C,278612
YLR072W,278881
YLR073C,281711
YLR074C,282466
YLR075W,282830
YLR077W,283866
YLR078C,286561
YLR079W,286809
YLR080W,287991
YLR081W,290215
YLR082C,293568
YLR083C,296191
YLR084C,300354
YLR085C,301955
YLR086W,302224
YLR087C,315840
YLR088W,316108
YLR089C,320151
YLR090W,320725
YLR091W,322237
YLR092W,323401
YLR093C,327433
YLR094C,329263
YLR095C,332120
YLR096W,332422
YLR097C,337273
YLR098C,339458
YLR099C,340994
YLR099W-A,341389
YLR100W,341828
YLR102C,343752
YLR103C,345970
YLR104W,346584
YLR105C,348162
YLR106C,363827
YLR107W,364136
YLR108C,368190
YLR109W,368752
YLR110C,370226
YLR113W,371522
YLR114C,377299
YLR115W,378015
YLR116W,380892
YLR117C,384513
YLR118C,385388
YLR119W,385625
YLR120C,388335
YLR121C,390333
YLR125W,393430
YLR126C,395570
YLR127C,398331
YLR128W,398539
YLR129W,399673
YLR130C,404282
YLR131C,407039
YLR132C,408156
YLR133W,408418
YLR134W,410747
YLR135W,413276
YLR136C,416633
YLR137W,417026
YLR138W,418311
YLR139C,423435
YLR141W,423710
YLR142W,425047
YLR143W,427335
YLR144C,431991
YLR145W,432223
YLR146C,433699
YLR146W-A,433929
YLR147C,434430
YLR148W,434650
YLR149C,439892
YLR150W,440452
YLR151C,442696
YLR152C,444866
YLR153C,447609
YLR154C,448299
YLR154W-C,
YLR154C-G,
YLR154C-H,468860
YLR155C,
YLR156W,
YLR156C-A,
YLR157C,
YLR157W-D,
YLR157W-E,481823
YLR157C-C,
YLR158C,
YLR159W,
YLR159C-A,
YLR160C,
YLR161W,
YLR162W,489608
YLR162W-A,490497
YLR163C,493250
YLR164W,493874
YLR165C,495207
YLR166C,498062
YLR167W,498928
YLR168C,500290
YLR170C,501023
YLR172C,502102
YLR173W,502388
YLR174W,504580
YLR175W,506118
YLR176C,510368
YLR177W,510860
YLR178C,513863
YLR179C,514761
YLR180W,515231
YLR181C,517689
YLR182W,517967
YLR183C,522113
YLR185W,522667
YLR186W,523601
YLR187W,524873
YLR188W,528279
YLR189C,534625
YLR190W,534795
YLR191W,537260
YLR192C,539632
YLR193C,540543
YLR194C,541672
YLR195C,543302
YLR196W,543939
YLR197W,546092
YLR199C,548781
YLR200W,549037
YLR201C,550302
YLR203C,552007
YLR204W,552288
YLR205C,553619
YLR206W,554459
YLR207W,556759
YLR208W,559509
YLR209C,561701
YLR210W,561983
YLR211C,564537
YLR212C,566272
YLR213C,568176
YLR214W,568427
YLR215C,571849
YLR216C,573211
YLR218C,573743
YLR219W,574016
YLR220W,576719
YLR221C,579012
YLR222C,581738
YLR223C,585787
YLR224W,586088
YLR225C,588938
YLR226W,589381
YLR227C,592579
YLR228C,602628
YLR229C,604958
YLR231C,607094
YLR233C,609527
YLR234W,609794
YLR237W,612278
YLR238W,614731
YLR239C,617307
YLR240W,617511
YLR241W,620453
YLR242C,623928
YLR243W,624182
YLR244C,626313
YLR245C,626902
YLR246W,627160
YLR247C,633342
YLR248W,633642
YLR249W,636724
YLR250W,640283
YLR251W,641381
YLR253W,642592
YLR254C,645027
YLR256W,646189
YLR257W,658551
YLR258W,660658
YLR259C,665038
YLR260W,665777
YLR262C,668915
YLR262C-A,669616
YLR263W,669887
YLR264W,673144
YLR264C-A,674038
YLR265C,675447
YLR266C,677672
YLR267W,678174
YLR268W,680200
YLR270W,681107
YLR271W,682645
YLR272C,687229
YLR273C,691277
YLR274W,691564
YLR275W,694352
YLR276C,696908
YLR277C,699595
YLR278C,704275
YLR281C,704942
YLR283W,705196
YLR284C,707101
YLR285W,707393
YLR285C-A,708395
YLR286C,710374
YLR287C,712084
YLR287C-A,713157
YLR288C,714882
YLR289W,715084
YLR290C,717938
YLR291C,719458
YLR292C,720371
YLR293C,721427
YLR295C,722386
YLR297W,723835
YLR298C,725391
YLR299W,725799
YLR300W,728773
YLR301W,730824
YLR303W,732625
YLR304C,737599
YLR305C,743856
YLR306W,744133
YLR307W,745553
YLR307C-A,747176
YLR308W,747895
YLR309C,751781
YLR310C,757095
YLR312C,758791
YLR312W-A,759494
YLR313C,762387
YLR314C,764150
YLR315W,764817
YLR316C,766320
YLR318W,766616
YLR319C,771701
YLR320W,771922
YLR321C,777830
YLR323C,778933
YLR324W,779197
YLR325C,781396
YLR326W,782080
YLR327C,783582
YLR328W,784738
YLR329W,786412
YLR330W,787674
YLR332W,790338
YLR333C,796325
YLR335W,797427
YLR336C,802392
YLR337C,805122
YLR340W,805856
YLR341W,807317
YLR342W,809775
YLR342W-A,815712
YLR343W,816067
YLR344W,819200
YLR345W,820461
YLR346C,822727
YLR347C,826510
YLR348C,828064
YLR350W,828616
YLR351C,830350
YLR352W,830957
YLR353W,833947
YLR354C,837445
YLR355C,839241
YLR356W,840283
YLR357W,841338
YLR359W,844205
YLR360W,846065
YLR361C,849108
YLR361C-A,849665
YLR362W,849892
YLR363C,853198
YLR363W-A,853472
YLR364W,853990
YLR367W,855888
YLR368W,857536
YLR369W,859540
YLR370C,862253
YLR371W,862543
YLR372W,867229
YLR373C,871354
YLR375W,871693
YLR376C,873566
YLR377C,874890
YLR378C,877359
YLR380W,878232
YLR381W,879728
YLR382C,885001
YLR383W,885246
YLR384C,892827
YLR385C,893398
YLR386W,893647
YLR387C,897699
YLR388W,898155
YLR389C,902661
YLR390W,903175
YLR390W-A,903716
YLR392C,906447
YLR393W,907080
YLR394W,907880
YLR395C,909979
YLR396C,912321
YLR397C,914878
YLR398C,919007
YLR399C,921627
YLR401C,924451
YLR403W,924979
YLR404W,928757
YLR405W,929844
YLR406C,931703
YLR406C-A,932482
YLR407W,932772
YLR408C,934177
YLR409C,937223
YLR410W,937536
YLR411W,947177
YLR412W,948400
YLR412C-A,950729
YLR413W,951180
YLR414C,954247
YLR415C,954601
YLR417W,954977
YLR418C,958152
YLR419W,958414
YLR420W,963785
YLR421C,965534
YLR422W,965816
YLR423C,973154
YLR424W,973402
YLR425W,982743
YLR426W,987103
YLR427W,988395
YLR429W,990799
YLR430W,993194
YLR431C,1002059
YLR432W,1002331
YLR433C,1006081
YLR435W,1006354
YLR436C,1011424
YLR437C,1012003
YLR438W,1012470
YLR438C-A,1014224
YLR439W,1014494
YLR440C,1017760
YLR441C,1018900
YLR442C,1022258
YLR443W,1022526
YLR445W,1024241
YLR446W,1025194
YLR447C,1027901
YLR448W,1028844
YLR449W,1030847
YLR450W,1032489
YLR451W,1036058
YLR452C,1041518
YLR453C,1043118
YLR454W,1043913
YLR455W,1053431
YLR456W,1055091
YLR457C,1056749
YLR459W,1057376
YLR460C,1061043
YLR461W,1062859
YLR462W,
YLR464W,
YLR466W,1067139
YLR466C-B,1071622
YLR467W,
YML133C,
YML132W,
YML131W,10103
YML130C,13225
YML129C,14727
YML128C,16780
YML127W,17068
YML126C,20458
YML125C,21685
YML124C,23663
YML123C,25836
YML121W,26916
YML120C,29844
YML119W,30535
YML118W,32101
YML117W,34131
YML116W,38127
YML115C,41787
YML114C,43556
YML113W,44061
YML112W,45051
YML111W,46855
YML110C,50951
YML109W,51624
YML108W,54774
YML107C,56244
YML106W,56527
YML105C,58668
YML104C,62314
YML103C,67518
YML102W,68318
YML101C,70095
YML100W-A,70095
YML100W,70508
YML099C,76950
YML098W,77280
YML097C,79672
YML096W,79931
YML095C,82089
YML094W,82299
YML093W,83134
YML092C,86727
YML091C,91045
YML088W,91991
YML087C,95435
YML086C,97475
YML085C,99397
YML083C,101127
YML082W,101872
YML081C-A,104175
YML081W,104676
YML080W,108756
YML079W,110274
YML078W,111038
YML077W,111872
YML076C,115319
YML075C,118974
YML074C,121305
YML073C,124164
YML072C,129537
YML071C,131632
YML070W,133459
YML069W,135488
YML068W,137496
YML067C,140204
YML066C,141918
YML065W,142162
YML064C,145888
YML063W,146488
YML062C,148653
YML061C,151630
YML060W,151862
YML059C,158256
YML058W-A,158624
YML058W,159405
YML057W,160149
YML056C,164818
YML055W,164574
YML054C,167398
YML054C-A,167690
YML053C,169771
YML052W,170411
YML051W,171558
YML050W,173159
YML049C,178129
YML048W,178414
YML047C,180991
YML046W,181415
YML043C,191873
YML042W,192777
YML041C,195791
YML038C,204180
YML037C,205405
YML036W,205647
YML035C,209000
YML034W,209464
YML032C,213915
YML031W,214196
YML030W,216429
YML029W,217335
YML028W,220119
YML027W,221209
YML026C,223811
YML025C,225352
YML024W,225887
YML023C,228666
YML022W,228916
YML021C,230753
YML020W,231007
YML019W,233499
YML018C,236017
YML017W,236564
YML016C,241780
YML015C,243007
YML014W,243262
YML013W,244160
YML012W,246117
YML011C,247420
YML010W,247689
YML009C,251504
YML008C,253014
YML007C-A,253324
YML007W,253704
YML006C,258519
YML005W,260275
YML004C,262630
YML003W,263520
YML002W,264585
YML001W,267128
YMR001C,271471
YMR001C-A,271526
YMR002W,272177
YMR003W,273110
YMR004W,273993
YMR005W,276017
YMR006C,279646
YMR008C,282744
YMR009W,284024
YMR010W,284913
YMR011W,288115
YMR012W,291054
YMR013C,296750
YMR014W,298870
YMR015C,302446
YMR016C,305810
YMR017W,307580
YMR018W,310266
YMR019W,312270
YMR020W,315466
YMR021C,318418
YMR022W,318706
YMR023C,321200
YMR024W,321956
YMR025W,323330
YMR026C,325554
YMR027W,325842
YMR028W,327500
YMR029C,330223
YMR030W,330672
YMR031C,334800
YMR032W,335192
YMR030W-A,337340
YMR033W,337792
YMR034C,340885
YMR035W,341156
YMR036C,343510
YMR037C,346913
YMR038C,348253
YMR039C,349594
YMR040W,350348
YMR041C,351946
YMR042W,352583
YMR043W,353881
YMR044W,355392
YMR047C,366721
YMR048W,367010
YMR049C,370497
YMR052W,379606
YMR053C,382880
YMR054W,383143
YMR055C,387001
YMR056C,388269
YMR058W,388808
YMR059W,391120
YMR060C,392488
YMR061W,392766
YMR062C,396402
YMR063W,397060
YMR064W,397980
YMR065W,399886
YMR066W,401558
YMR067C,405577
YMR068W,406322
YMR069W,407811
YMR070W,408967
YMR071C,411277
YMR072W,411602
YMR073C,412861
YMR074C,413465
YMR075W,414011
YMR076C,420075
YMR077C,422156
YMR078C,424706
YMR079W,424997
YMR080C,429695
YMR081C,431479
YMR083W,434819
YMR084W,436384
YMR085W,437422
YMR086W,439225
YMR087W,442537
YMR088C,445173
YMR089C,448272
YMR090W,449059
YMR091C,451383
YMR092C,453534
YMR093W,454042
YMR094W,455846
YMR095C,457916
YMR096W,458386
YMR097C,460516
YMR098C,462638
YMR099C,464811
YMR100W,466152
YMR101C,469011
YMR102C,472482
YMR104C,475500
YMR105C,477758
YMR105W-A,478044
YMR106C,480181
YMR107W,482998
YMR108W,483917
YMR109W,486605
YMR110C,491982
YMR111C,493890
YMR112C,494439
YMR113W,494995
YMR114C,497459
YMR115W,497704
YMR116C,500687
YMR117C,501860
YMR118C,502500
YMR119W,505193
YMR120C,509423
YMR121C,510346
YMR122W-A,511294
YMR123W,513605
YMR124W,514222
YMR125W,517528
YMR126C,521967
YMR127C,523421
YMR128W,523697
YMR129W,527809
YMR130W,532092
YMR131C,534699
YMR132C,535614
YMR133W,536218
YMR134W,537823
YMR135C,540063
YMR136W,540998
YMR137C,544952
YMR138W,545210
YMR139W,545952
YMR140W,547688
YMR142C,551200
YMR143W,551757
YMR144W,553271
YMR145C,556682
YMR146C,558523
YMR147W,559218
YMR148W,560105
YMR149W,560951
YMR150C,562530
YMR152W,563100
YMR153W,564429
YMR154C,568199
YMR155W,568576
YMR156C,570960
YMR157C,572041
YMR158W,572239
YMR158C-A,573278
YMR159C,574825
YMR160W,575037
YMR161W,577720
YMR162C,584038
YMR163C,586470
YMR164C,589638
YMR165C,592717
YMR166C,594655
YMR167W,594931
YMR168C,599128
YMR169C,
YMR170C,603095
YMR171C,605680
YMR172W,606113
YMR173W,608729
YMR174C,610369
YMR175W,610897
YMR175W-A,611227
YMR176W,611653
YMR177W,616479
YMR178W,618495
YMR179W,619755
YMR180C,623205
YMR181C,624228
YMR182C,625257
YMR182W-A,625881
YMR183C,627839
YMR184W,628203
YMR185W,629043
YMR186W,632309
YMR187C,636025
YMR188C,637023
YMR189W,637364
YMR190C,645386
YMR191W,645654
YMR192W,647085
YMR193W,650050
YMR194W,651168
YMR194C-B,652918
YMR195W,654063
YMR196W,655088
YMR197C,659199
YMR198W,659521
YMR199W,662462
YMR200W,664671
YMR201C,667055
YMR202W,667535
YMR203W,668517
YMR204C,671337
YMR205C,674811
YMR206W,675548
YMR207C,683956
YMR208W,684447
YMR209C,687266
YMR210W,687526
YMR211W,689082
YMR212C,693121
YMR213W,693385
YMR214W,695361
YMR215W,696791
YMR216C,701176
YMR217W,701746
YMR218C,706865
YMR219W,707137
YMR220W,712321
YMR221C,715408
YMR222C,716297
YMR223W,716551
YMR224C,720664
YMR225C,721380
YMR226C,722392
YMR227C,724380
YMR228W,724632
YMR229C,731165
YMR230W,732436
YMR230W-A,733267
YMR231W,733541
YMR232W,736985
YMR233W,739210
YMR234W,740240
YMR235C,742722
YMR236W,743017
YMR237W,743716
YMR238W,746278
YMR239C,749692
YMR240C,751264
YMR241W,751677
YMR242C,754179
YMR242W-A,754344
YMR243C,756374
YMR244W,757194
YMR244C-A,759005
YMR246W,759660
YMR247C,768040
YMR247W-A,769252
YMR250W,770686
YMR251W,773212
YMR251W-A,774635
YMR252C,775742
YMR253C,777301
YMR255W,777995
YMR256C,779123
YMR257C,782379
YMR258C,784315
YMR259C,788877
YMR260C,789855
YMR261C,793498
YMR262W,793750
YMR263W,794919
YMR264W,795799
YMR265C,797870
YMR266W,798452
YMR267W,801728
YMR268C,804199
YMR269W,804456
YMR270C,806526
YMR271C,808055
YMR272C,810805
YMR272W-B,811171
YMR273C,814128
YMR274C,815304
YMR275C,818591
YMR276W,818841
YMR277W,820212
YMR278W,822755
YMR279C,826357
YMR280C,831235
YMR281W,832332
YMR282C,835081
YMR283C,836761
YMR284W,838162
YMR285C,841688
YMR286W,841956
YMR287C,845342
YMR288W,845612
YMR289W,848732
YMR290C,851594
YMR291W,852501
YMR292W,854792
YMR293C,856783
YMR294W,856955
YMR295C,858928
YMR296C,861180
YMR297W,861859
YMR298W,863830
YMR299C,865357
YMR300C,867096
YMR301C,869646
YMR302C,872638
YMR303C,874493
YMR304W,874841
YMR305C,880288
YMR306W,880849
YMR307W,887014
YMR308C,892340
YMR309C,895579
YMR310C,896695
YMR311C,897605
YMR312W,898431
YMR313C,901296
YMR314W,901711
YMR315W,902760
YMR315W-A,904293
YMR316W,904741
YMR317W,907410
YMR318C,912227
YMR319C,914712
YMR321C,
YMR322C,
YMR323W,
YMR325W,
YNL339C,
YNL336W,8255
YNL335W,11349
YNL334C,12837
YNL333W,13144
YNL332W,
YNL331C,17190
YNL330C,19292
YNL329C,22622
YNL328C,23266
YNL327W,24061
YNL326C,28332
YNL325C,31363
YNL323W,31925
YNL322C,34189
YNL321W,34719
YNL320W,37678
YNL318C,40382
YNL317W,40655
YNL316C,43097
YNL315C,44237
YNL314W,44491
YNL313C,47993
YNL312W,48296
YNL311C,51664
YNL310C,52399
YNL309W,52660
YNL308C,55901
YNL307C,57680
YNL306W,58165
YNL305C,59777
YNL304W,60303
YNL302C,62923
YNL301C,64555
YNL300W,65646
YNL299W,66483
YNL298W,68749
YNL297C,76565
YNL295W,76831
YNL294C,80391
YNL293W,80630
YNL292W,82825
YNL291C,85965
YNL290W,86233
YNL289W,87772
YNL288W,90213
YNL287W,91833
YNL286W,95169
YNL284C,104030
YNL283C,106956
YNL282W,107707
YNL281W,108443
YNL280C,110505
YNL279W,110865
YNL278W,113128
YNL277W-A,116672
YNL277W,117220
YNL275W,119258
YNL274C,122243
YNL273W,122880
YNL272C,129144
YNL271C,135596
YNL270C,137785
YNL269W,137785
YNL268W,138517
YNL267W,140829
YNL265C,145259
YNL264C,146583
YNL263C,147962
YNL262W,148242
YNL261W,155080
YNL260C,157355
YNL259C,157849
YNL258C,160393
YNL257C,164360
YNL256W,164600
YNL255C,167811
YNL254C,169216
YNL253W,170008
YNL252C,172260
YNL251C,174517
YNL250W,175446
YNL249C,180986
YNL248C,182582
YNL247W,182907
YNL246W,185505
YNL245C,186888
YNL244C,187505
YNL243W,188060
YNL242W,191218
YNL241C,198034
YNL240C,199976
YNL239W,200469
YNL238W,202220
YNL237W,205167
YNL236W,206949
YNL234W,210209
YNL233W,211799
YNL232W,214913
YNL231C,217214
YNL230C,218694
YNL229C,220356
YNL227C,222421
YNL225C,224478
YNL224C,227126
YNL223W,227390
YNL222W,229102
YNL221C,233741
YNL220W,234399
YNL219C,237770
YNL218W,238243
YNL217W,240324
YNL216W,241655
YNL215W,244418
YNL214W,245630
YNL213C,247164
YNL212W,247426
YNL211C,250314
YNL210W,250930
YNL209W,252054
YNL208W,254423
YNL207W,255278
YNL206C,258136
YNL204C,259278
YNL202W,259553
YNL201C,263412
YNL200C,264527
YNL199C,266587
YNL197C,269890
YNL196C,271225
YNL195C,271963
YNL194C,273551
YNL193W,274391
YNL192W,276389
YNL191W,280419
YNL190W,282176
YNL189W,284106
YNL188W,286271
YNL187W,287878
YNL186W,289333
YNL185C,292708
YNL183C,295676
YNL182C,297639
YNL181W,298310
YNL180C,300782
YNL178W,302703
YNL177C,304594
YNL176C,307090
YNL175C,308593
YNL173C,310168
YNL172W,310578
YNL169C,317711
YNL168C,318811
YNL167C,321670
YNL166C,323552
YNL165W,323823
YNL164C,326445
YNL163C,330098
YNL162W-A,330363
YNL162W,331336
YNL161W,332419
YNL160W,336421
YNL159C,339335
YNL158W,339611
YNL157W,340333
YNL156C,342122
YNL155W,342447
YNL154C,345455
YNL153C,346053
YNL152W,346329
YNL151C,348507
YNL149C,349763
YNL148C,350638
YNL147W,350927
YNL146C-A,351677
YNL146W,351677
YNL145W,352294
YNL144C,355179
YNL142W,357196
YNL141W,359563
YNL139C,365784
YNL138W-A,366042
YNL138W,366755
YNL137C,370093
YNL136W,370385
YNL135C,372208
YNL134C,373709
YNL133C,374678
YNL132W,375265
YNL131W,378760
YNL130C,380841
YNL130C-A,381420
YNL129W,381257
YNL128W,382322
YNL127W,383961
YNL126W,387213
YNL125C,392359
YNL124W,392904
YNL123W,394671
YNL122C,398295
YNL121C,400539
YNL119W,401031
YNL118C,405591
YNL117W,406393
YNL116W,408324
YNL115C,412079
YNL113W,412782
YNL112W,413603
YNL111C,417260
YNL110C,418498
YNL108C,419820
YNL107W,420103
YNL106C,424543
YNL104C,426926
YNL103W,427600
YNL102W,430067
YNL101W,434851
YNL100W,437589
YNL099C,439285
YNL098C,440795
YNL097C-B,440814
YNL097C,442408
YNL096C,444317
YNL095C,447049
YNL094W,447334
YNL093W,449638
YNL092W,450845
YNL091W,452286
YNL090W,456476
YNL088W,457649
YNL087W,462325
YNL086W,466257
YNL085W,466886
YNL084C,471135
YNL083W,471385
YNL082W,473408
YNL081C,476619
YNL080C,478160
YNL079C,479298
YNL078W,479781
YNL077W,481324
YNL076W,483338
YNL075W,485598
YNL074C,488139
YNL073W,488409
YNL072W,490335
YNL071W,491491
YNL070W,493345
YNL069C,494983
YNL068C,498476
YNL067W-B,499374
YNL067W,499709
YNL066W,500933
YNL065W,503649
YNL064C,507329
YNL063W,507601
YNL062C,510215
YNL061W,510535
YNL059C,514921
YNL058C,516772
YNL056W,517287
YNL055C,518888
YNL054W,526051
YNL053W,529873
YNL052W,531731
YNL051W,532701
YNL050C,534970
YNL049C,537927
YNL048W,538183
YNL047C,541866
YNL046W,542337
YNL045W,542999
YNL044W,545242
YNL042W-B,547106
YNL042W,547904
YNL041C,551998
YNL040W,553399
YNL039W,555044
YNL038W,557058
YNL037C,559172
YNL036W,559704
YNL035C,569712
YNL034W,570426
YNL033W,572920
YNL032W,574396
YNL031C,576039
YNL030W,576617
YNL029C,578774
YNL027W,579526
YNL026W,581940
YNL025C,585283
YNL024C-A,586847
YNL024C,587926
YNL023C,591195
YNL022C,592875
YNL021W,593159
YNL020C,597670
YNL019C,599511
YNL018C,601751
YNL016W,602826
YNL015W,605308
YNL014W,606267
YNL012W,609697
YNL011C,613162
YNL010W,613630
YNL009W,614816
YNL008C,618238
YNL007C,619714
YNL006W,620066
YNL005C,622441
YNL004W,622928
YNL003C,625841
YNL002C,627115
YNL001W,627436
YNR001C,631275
YNR002C,633825
YNR003C,635298
YNR004W,635991
YNR006W,636984
YNR007C,640156
YNR008W,640347
YNR009W,642620
YNR010W,643767
YNR011C,646914
YNR012W,647389
YNR013C,651710
YNR014W,652294
YNR015W,653429
YNR016C,661880
YNR017W,662784
YNR018W,664283
YNR019W,665329
YNR020C,668105
YNR021W,668374
YNR022C,670149
YNR023W,670432
YNR024W,672431
YNR026C,674662
YNR027W,674936
YNR028W,676162
YNR029C,678482
YNR030W,678767
YNR031C,685670
YNR032W,685934
YNR032C-A,687467
YNR033W,687660
YNR034W,690251
YNR034W-A,692413
YNR035C,694042
YNR036C,694775
YNR037C,695343
YNR038W,695621
YNR039C,699445
YNR040W,699722
YNR041C,701643
YNR043W,701913
YNR044W,703613
YNR045W,706135
YNR046W,707806
YNR047W,708517
YNR048W,711634
YNR049C,713648
YNR050C,715485
YNR051C,719028
YNR052C,720720
YNR053C,723146
YNR054C,724282
YNR055C,730590
YNR056C,733235
YNR057C,733773
YNR058W,734225
YNR059W,736696
YNR060W,739941
YNR061C,743591
YNR062C,744981
YNR063W,746955
YNR064C,749996
YNR065C,753618
YNR066C,754971
YNR067C,759213
YNR068C,761005
YNR069C,762807
YNR070W,764495
YNR071C,
YNR072W,
YNR073C,
YNR074C,
YNR075W,779922
YNR075C-A,781559
YNR076W,
YOL166W-A,654
YOL165C,2116
YOL164W-A,4174
YOL164W,5974
YOL163W,9366
YOL162W,10183
YOL161C,11901
YOL159C-A,15514
YOL159C,17816
YOL158C,21381
YOL157C,24274
YOL156W,25519
YOL155W-A,27181
YOL155C,31668
YOL154W,34406
YOL152W,40730
YOL151W,43675
YOL149W,44965
YOL148C,47589
YOL147C,48641
YOL146W,48922
YOL145C,52811
YOL144W,52952
YOL143C,55108
YOL142W,55587
YOL141W,56486
YOL140W,58856
YOL139C,61034
YOL138C,65359
YOL137W,65605
YOL136C,68959
YOL135C,70035
YOL133W,70316
YOL132W,71294
YOL131W,73010
YOL130W,74157
YOL129W,77569
YOL128C,79392
YOL127W,80376
YOL126C,83041
YOL125W,83543
YOL124C,86760
YOL123W,87484
YOL122C,91443
YOL121C,92874
YOL120C,94404
YOL119C,96401
YOL117W,97534
YOL116W,99703
YOL115W,101450
YOL114C,103894
YOL113W,104202
YOL112W,106541
YOL111C,108889
YOL110W,109199
YOL109W,110204
YOL108C,111837
YOL107W,112118
YOL105C,115717
YOL104C,117437
YOL103W,123808
YOL102C,126640
YOL101C,128043
YOL100W,128980
YOL098C,135861
YOL097W-A,136099
YOL097C,137787
YOL096C,139026
YOL095C,141315
YOL094C,142549
YOL093W,142817
YOL092W,144226
YOL091W,145336
YOL090W,147357
YOL089C,153517
YOL088C,154721
YOL087C,158870
YOL086W-A,159177
YOL086C,160713
YOL084W,161999
YOL083W,165591
YOL082W,168355
YOL081W,170951
YOL080C,181437
YOL078W,181693
YOL077W-A,185454
YOL077C,186742
YOL076W,187036
YOL075C,193587
YOL073C,194772
YOL072W,195009
YOL071W,196530
YOL070C,198715
YOL069W,198962
YOL068C,201784
YOL067C,202504
YOL066C,204460
YOL065C,205854
YOL064C,207163
YOL063C,210278
YOL062C,211978
YOL061W,212235
YOL060C,216169
YOL059W,217149
YOL058W,219079
YOL057W,220793
YOL056W,223236
YOL055C,225633
YOL054W,228588
YOL053W,230209
YOL052C-A,232001
YOL052C,233701
YOL051W,234790
YOL049W,238607
YOL048C,241337
YOL047C,242719
YOL045W,243046
YOL044W,247147
YOL043C,249632
YOL042W,249819
YOL041C,252644
YOL040C,253612
YOL039W,254234
YOL038C-A,255084
YOL038W,255340
YOL036W,256405
YOL034W,259964
YOL033W,263440
YOL032W,265384
YOL031C,267545
YOL030W,268164
YOL029C,270397
YOL028C,271556
YOL027C,273735
YOL026C,274324
YOL025W,274926
YOL024W,277042
YOL023W,278025
YOL022C,281478
YOL021C,285400
YOL020W,286124
YOL019W-A,288150
YOL019W,288664
YOL018C,292107
YOL017W,292447
YOL016C,296192
YOL015W,296465
YOL014W,299467
YOL013W-A,301116
YOL013C,303132
YOL012C,304045
YOL011W,304643
YOL010W,307931
YOL009C,310168
YOL008W,310350
YOL007C,312421
YOL006C,315473
YOL005C,316169
YOL004W,316773
YOL003C,322953
YOL002C,324439
YOL001W,324858
YOR001W,326863
YOR002W,329383
YOR003W,331428
YOR004W,333593
YOR005C,337328
YOR006C,338654
YOR007C,339971
YOR008C,342601
YOR008C-A,343077
YOR009W,344190
YOR010C,347117
YOR011W,349441
YOR011W-A,355661
YOR012W,356563
YOR014W,357454
YOR016C,361199
YOR017W,361427
YOR018W,364355
YOR019W,368005
YOR020C,370866
YOR020W-A,371689
YOR021C,373450
YOR022C,375818
YOR023C,377805
YOR025W,378222
YOR026W,379840
YOR027W,381015
YOR028C,384493
YOR030W,386784
YOR031W,389222
YOR032C,391040
YOR032W-A,391996
YOR033C,394617
YOR034C,397269
YOR034C-A,397646
YOR035C,400076
YOR036W,400364
YOR037W,401525
YOR038C,405390
YOR039W,405660
YOR040W,407045
YOR042W,408403
YOR043W,410516
YOR044W,412772
YOR045W,413863
YOR046C,415891
YOR047C,417790
YOR048C,421636
YOR049C,423949
YOR051C,426065
YOR052C,427357
YOR054C,429952
YOR056C,431677
YOR057W,432175
YOR058C,436444
YOR059C,440283
YOR060C,441151
YOR061W,441423
YOR062C,443204
YOR063W,444676
YOR064C,446712
YOR065W,447136
YOR066W,449277
YOR067C,453465
YOR069W,453721
YOR068C,454265
YOR070C,457947
YOR071C,461335
YOR072W-B,464485
YOR073W,464759
YOR074C,467607
YOR075W,468213
YOR076C,471630
YOR077W,471902
YOR078W,472734
YOR079C,474417
YOR080W,474617
YOR081C,479167
YOR083W,479532
YOR084W,480595
YOR085W,482030
YOR086C,486926
YOR087W,487655
YOR089C,490837
YOR090C,492928
YOR091W,493402
YOR092W,494989
YOR093C,502468
YOR094W,502736
YOR095C,504442
YOR096W,505669
YOR097C,507549
YOR098C,511191
YOR099W,511737
YOR100C,514410
YOR101W,515171
YOR103C,516835
YOR104W,517475
YOR106W,519103
YOR107W,521055
YOR108W,523015
YOR109W,525187
YOR110W,528882
YOR111W,530445
YOR112W,531483
YOR113W,534026
YOR114W,537407
YOR115C,539463
YOR116C,544340
YOR117W,544996
YOR118W,546664
YOR119C,550251
YOR120W,550850
YOR122C,553023
YOR123C,554588
YOR124C,558707
YOR125C,559765
YOR126C,560656
YOR127W,560937
YOR128C,566207
YOR129C,569558
YOR130C,570869
YOR131C,572869
YOR132W,573143
YOR133W,575078
YOR134W,578178
YOR136W,580078
YOR137C,584034
YOR138C,586339
YOR140W,586550
YOR141C,592586
YOR142W,592874
YOR143C,602380
YOR144C,605110
YOR145C,606169
YOR147W,606605
YOR148C,609182
YOR149C,611402
YOR150W,612022
YOR151C,616884
YOR152C,618442
YOR153W,619663
YOR154W,624703
YOR155C,627946
YOR156C,630633
YOR157C,631773
YOR158W,632177
YOR159C,633570
YOR160W,633822
YOR161C,638716
YOR161C-C,639172
YOR162C,642103
YOR163W,642766
YOR164C,644305
YOR165W,644590
YOR166C,648492
YOR167C,648986
YOR168W,649317
YOR171C,653923
YOR172W,654230
YOR173W,657222
YOR174W,658664
YOR175C,661703
YOR176W,662344
YOR177C,667221
YOR178C,670590
YOR179C,672376
YOR180C,675198
YOR181W,675918
YOR182C,678771
YOR183W,678771
YOR184W,679281
YOR185C,682200
YOR186W,683184
YOR187W,683948
YOR188W,685742
YOR189W,689641
YOR190W,690698
YOR191W,692441
YOR192C,701666
YOR192C-C,704429
YOR193W,710437
YOR194C,712532
YOR195W,712839
YOR196C,716827
YOR197W,717104
YOR198C,720342
YOR201C,721676
YOR202W,721968
YOR204W,722947
YOR205C,727209
YOR206W,727517
YOR207C,733459
YOR208W,733791
YOR209C,737844
YOR210W,738335
YOR211C,741712
YOR212W,742764
YOR213C,745351
YOR214C,746309
YOR215C,747268
YOR216C,748996
YOR217W,749245
YOR219C,755052
YOR220W,755336
YOR221C,757589
YOR222W,757873
YOR223W,759811
YOR224C,761225
YOR226C,762083
YOR227W,762646
YOR228C,767965
YOR229W,768384
YOR230W,770752
YOR231W,772494
YOR232W,774455
YOR233W,775694
YOR234C,779402
YOR236W,780954
YOR237W,781811
YOR238W,783727
YOR239W,784866
YOR241W,787160
YOR242C,789797
YOR243C,792250
YOR244W,792516
YOR245C,795517
YOR246C,796850
YOR247W,797507
YOR249C,800690
YOR250C,802305
YOR251C,803441
YOR252W,803681
YOR253W,804398
YOR254C,807023
YOR255W,807023
YOR256C,810808
YOR257W,811020
YOR258W,811718
YOR259C,813690
YOR260W,813972
YOR261C,817004
YOR262W,817258
YOR264W,818711
YOR265W,820457
YOR266W,820977
YOR267C,824985
YOR268C,825858
YOR269W,826322
YOR270C,830714
YOR271C,832070
YOR272W,832789
YOR273C,836575
YOR274W,837691
YOR275C,841036
YOR276W,841339
YOR278W,842864
YOR279C,844729
YOR280C,845800
YOR281C,847130
YOR283W,847380
YOR284W,848480
YOR285W,849667
YOR286W,850302
YOR287C,851836
YOR288C,853074
YOR289W,853372
YOR290C,860490
YOR291W,861077
YOR292C,866568
YOR293W,867099
YOR293C-A,868152
YOR294W,868344
YOR295W,869163
YOR296W,870142
YOR297C,875292
YOR298W,875581
YOR298C-A,877742
YOR299W,878368
YOR301W,880967
YOR302W,882586
YOR303W,882586
YOR304W,884365
YOR304C-A,888708
YOR305W,889002
YOR306C,891649
YOR307C,894202
YOR308C,896374
YOR310C,898334
YOR311C,899941
YOR312C,901191
YOR313C,902953
YOR315W,904648
YOR316C,907672
YOR316C-A,907979
YOR317W,909257
YOR319W,912831
YOR320C,915166
YOR321W,916003
YOR322C,921252
YOR323C,922871
YOR324C,925149
YOR326W,925579
YOR327C,931147
YOR328W,933644
YOR329C,939396
YOR330C,943377
YOR332W,943671
YOR334W,944598
YOR335C,949184
YOR336W,949752
YOR337W,954308
YOR338W,956818
YOR339C,958789
YOR340C,960210
YOR341W,960913
YOR342C,967936
YOR344C,978246
YOR346W,981705
YOR347C,986513
YOR348C,988858
YOR349W,989832
YOR350C,994833
YOR351C,996415
YOR352W,997156
YOR353C,1000830
YOR354C,1003201
YOR355W,1004651
YOR356W,1007227
YOR357C,1009668
YOR358W,1010151
YOR359W,1011078
YOR360C,1015015
YOR361C,1017501
YOR362C,1018762
YOR363C,1023445
YOR365C,1025586
YOR367W,1026035
YOR368W,1026872
YOR369C,1028638
YOR370C,1031253
YOR371C,1034276
YOR372C,1036485
YOR373W,1036802
YOR374W,1039727
YOR375C,1043149
YOR376W-A,1045102
YOR377W,1046202
YOR378W,1049592
YOR380W,1051140
YOR381W,1055246
YOR381W-A,1058410
YOR382W,1059594
YOR383C,1061202
YOR384W,1061450
YOR385W,1065067
YOR386W,1066855
YOR387C,1070859
YOR388C,1072942
YOR389W,1074207
YOR390W,1076773
YOR391C,1079340
YOR393W,
YOR394W,
YOR394C-A,1084355
YOR396W,
YPL283C,
YPL282C,
YPL281C,
YPL280W,11833
YPL279C,14367
YPL278C,15321
YPL277C,16869
YPL274W,22789
YPL273W,25017
YPL272C,28160
YPL271W,30108
YPL270W,30481
YPL269W,33042
YPL268W,35239
YPL267W,38178
YPL266W,39103
YPL265W,40954
YPL264C,44316
YPL263C,46470
YPL262W,47383
YPL260W,49266
YPL259C,52660
YPL258C,55401
YPL257W,63127
YPL256C,66785
YPL255W,67734
YPL254W,69317
YPL253C,72998
YPL252C,73883
YPL250C,74822
YPL249C-A,76201
YPL249C,79373
YPL248C,82322
YPL247C,84275
YPL246C,85298
YPL245W,85598
YPL244C,88007
YPL243W,88466
YPL242C,95152
YPL241C,96201
YPL240C,98712
YPL239W,99450
YPL237W,100511
YPL236C,102935
YPL235W,103181
YPL234C,105438
YPL233W,106147
YPL232W,106929
YPL231W,108618
YPL230W,115825
YPL229W,117047
YPL228W,118298
YPL227C,121262
YPL226W,121773
YPL225W,126012
YPL224C,128057
YPL223C,129148
YPL222W,130090
YPL221W,132827
YPL220W,135828
YPL219W,136706
YPL218W,138690
YPL217C,143172
YPL216W,143426
YPL215W,147429
YPL214C,150247
YPL213W,150612
YPL212C,153143
YPL211W,153495
YPL210C,156202
YPL209C,157624
YPL208W,157874
YPL207W,159874
YPL206C,163601
YPL204W,164132
YPL203W,166108
YPL202C,169390
YPL201C,171041
YPL200W,171451
YPL199C,172774
YPL198W,173165
YPL196W,174987
YPL195W,176230
YPL194W,179279
YPL193W,181380
YPL192C,183233
YPL191C,184716
YPL190C,187794
YPL189C-A,188571
YPL189W,189074
YPL188W,191432
YPL187W,193680
YPL186C,195420
YPL184C,198398
YPL183W-A,199066
YPL183C,202540
YPL181W,203124
YPL180W,205221
YPL179W,208015
YPL178W,212155
YPL177C,214095
YPL176C,218355
YPL175W,218641
YPL174C,222876
YPL173W,223147
YPL172C,225836
YPL171C,227319
YPL170W,228241
YPL169C,230830
YPL168W,231124
YPL167C,237096
YPL166W,237350
YPL165C,239216
YPL164C,241502
YPL163C,242800
YPL162C,244057
YPL161C,246248
YPL160W,246829
YPL159C,251730
YPL158C,254480
YPL157W,254744
YPL156C,256751
YPL155C,259342
YPL154C,261159
YPL153C,264308
YPL152W-A,264596
YPL152W,265016
YPL151C,267529
YPL150W,267790
YPL149W,271289
YPL148C,272886
YPL147W,273265
YPL146C,277510
YPL145C,279992
YPL144W,280500
YPL143W,282129
YPL141C,286274
YPL140C,289205
YPL139C,291054
YPL138C,292431
YPL137C,296829
YPL135W,297480
YPL134C,299583
YPL133C,301348
YPL132W,301599
YPL131W,303126
YPL130W,304443
YPL129W,305295
YPL128C,308260
YPL127C,309598
YPL126W,310226
YPL125W,313267
YPL124W,316755
YPL123C,318972
YPL122C,320755
YPL121C,321835
YPL120W,322081
YPL119C-A,324297
YPL119C,326273
YPL118W,326596
YPL117C,328861
YPL116W,329416
YPL115C,335710
YPL113C,337165
YPL112C,338656
YPL111W,339911
YPL110C,345083
YPL109C,347453
YPL108W,348502
YPL107W,349047
YPL106C,352331
YPL105C,355396
YPL104W,355683
YPL103C,359388
YPL101W,360212
YPL100W,361874
YPL099C,364070
YPL098C,364726
YPL097W,364975
YPL096C-A,366721
YPL096W,366962
YPL095C,369487
YPL094C,370629
YPL093W,370961
YPL092W,373655
YPL091W,375459
YPL090C,378422
YPL089C,381322
YPL088W,381955
YPL087W,383318
YPL086C,386438
YPL085W,386952
YPL084W,394033
YPL083C,398156
YPL082C,404129
YPL081W,404971
YPL079W,406601
YPL078C,408771
YPL077C,410087
YPL076W,410347
YPL075W,412246
YPL074W,415782
YPL072W,418385
YPL071C,420530
YPL070W,420803
YPL069C,423865
YPL068C,425084
YPL067C,425873
YPL066W,425873
YPL065W,427943
YPL064C,429594
YPL063W,429871
YPL061W,432558
YPL060W,434540
YPL059W,444546
YPL058C,450661
YPL057C,453259
YPL056C,453830
YPL055C,454944
YPL054W,455693
YPL053C,458621
YPL052W,458788
YPL051W,459996
YPL050C,462114
YPL049C,463830
YPL048W,464336
YPL047W,465897
YPL046C,466938
YPL045W,467214
YPL043W,469927
YPL042C,474931
YPL041C,475722
YPL040C,478975
YPL039W,479245
YPL038W-A,480145
YPL038W,480555
YPL037C,481915
YPL036W,482270
YPL034W,486404
YPL033C,488208
YPL032C,491542
YPL031C,493040
YPL030W,493533
YPL029W,495494
YPL028W,498067
YPL027W,499585
YPL026C,502221
YPL024W,503285
YPL023C,506389
YPL022W,506670
YPL021W,511107
YPL020C,514249
YPL019C,517202
YPL018W,517693
YPL017C,520178
YPL016W,520655
YPL015C,526917
YPL014W,527534
YPL013C,529326
YPL012W,529643
YPL011C,534694
YPL010W,535014
YPL009C,538895
YPL008W,539190
YPL007C,543843
YPL006W,544610
YPL005W,548499
YPL004C,551690
YPL003W,552025
YPL002C,554320
YPL001W,554592
YPR001W,556438
YPR002W,558284
YPR003C,563806
YPR004C,565027
YPR005C,566833
YPR006C,568965
YPR007C,571315
YPR008W,573060
YPR009W,576494
YPR010C,581197
YPR010C-A,582786
YPR011C,584067
YPR013C,585726
YPR015C,591143
YPR016C,593121
YPR017C,593925
YPR018W,594395
YPR019W,596693
YPR020W,599851
YPR021C,603539
YPR022C,607312
YPR023C,610044
YPR024W,610334
YPR025C,614507
YPR026W,615328
YPR027C,621391
YPR028W,623533
YPR029C,626986
YPR030W,627886
YPR031W,631504
YPR032W,634140
YPR033C,639012
YPR034W,639532
YPR035W,642104
YPR036W,643840
YPR036W-A,645837
YPR037C,647040
YPR040W,647319
YPR041W,648636
YPR042C,653749
YPR043W,654182
YPR045C,656536
YPR046W,656817
YPR047W,657499
YPR048W,659209
YPR049C,664714
YPR051W,664975
YPR052C,665971
YPR054W,666160
YPR055W,667668
YPR056W,671132
YPR057W,672511
YPR058W,673730
YPR060C,675659
YPR061C,676918
YPR062W,677201
YPR063C,678322
YPR065W,679686
YPR066W,681261
YPR067W,682210
YPR068C,684347
YPR069C,685445
YPR070W,685901
YPR071W,688179
YPR072W,690040
YPR073C,692426
YPR074C,694956
YPR075C,696831
YPR078C,698393
YPR079W,698837
YPR080W,700609
YPR081C,703926
YPR082C,704631
YPR083W,704863
YPR084W,706920
YPR085C,709871
YPR086W,710121
YPR088C,713018
YPR089W,713291
YPR091C,718451
YPR093C,720440
YPR094W,720653
YPR095C,724948
YPR096C,725206
YPR097W,725206
YPR098C,729526
YPR100W,729804
YPR101W,730507
YPR102C,731776
YPR103W,732316
YPR104C,736673
YPR105C,739820
YPR106W,740057
YPR107C,742110
YPR108W,742407
YPR108W-A,744304
YPR109W,744493
YPR110C,746797
YPR111W,747280
YPR112C,752070
YPR113W,752249
YPR114W,753284
YPR115W,754717
YPR116W,758629
YPR117W,759772
YPR118W,767782
YPR119W,771273
YPR120C,775221
YPR121W,778568
YPR122W,781987
YPR124W,786059
YPR125W,787753
YPR127W,789943
YPR128C,792217
YPR129W,792709
YPR131C,794495
YPR132W,794998
YPR133C,797266
YPR133W-A,797560
YPR134W,798056
YPR135W,799224
YPR137W,802323
YPR138C,812690
YPR139C,814066
YPR140W,814349
YPR141C,818047
YPR143W,818335
YPR144C,821427
YPR145W,822577
YPR145C-A,825008
YPR147C,826580
YPR148C,828136
YPR149W,829653
YPR151C,831576
YPR152C,833445
YPR153W,833682
YPR154W,834555
YPR155C,837441
YPR156C,840106
YPR157W,841240
YPR158W,843213
YPR159W,857337
YPR159C-A,860395
YPR160W,861259
YPR161C,866464
YPR162C,868278
YPR163C,869991
YPR164W,870659
YPR165W,875192
YPR166C,876603
YPR167C,877702
YPR168W,878090
YPR169W,878711
YPR170W-B,883258
YPR171W,883829
YPR172W,885793
YPR173C,887821
YPR174C,888710
YPR175W,888982
YPR176C,892089
YPR178W,892329
YPR179C,895748
YPR180W,896005
YPR181C,899683
YPR182W,900163
YPR183W,900772
YPR184W,901944
YPR185W,906951
YPR186C,911000
YPR187W,911261
YPR188C,912446
YPR189W,912678
YPR190C,919030
YPR191W,919335
YPR192W,921891
YPR193C,923947
YPR194C,927029
YPR196W,931387
YPR198W,934043
YPR199C,939001
YPR200C,939715
YPR201W,939885
YPR202W,942796
YPR203W,
YPR204W,
