,0,10,20,30,40,50,60,70,80,90,100,110,120,130,140
0,0.0,0.0,0.0,0.0,0.0,0.0,0.0,0.0,0.0,0.0,0.0,0.0,0.0,0.0,0.0
1,0.0,0.0,0.0,0.0,0.0,0.0,0.0,0.0,0.0,0.0,0.0,0.0,0.0,0.0,0.0
2,0.0,0.0,0.0,0.0,0.0,0.0,0.0,0.0,0.0,0.0,0.0,0.0,0.0,0.0,0.0
3,0.0,0.0,0.0,0.0,0.0,0.0,0.0,0.0,0.0,0.0,0.0,0.0,0.0,0.0,0.0
4,0.0,0.0,0.0,0.0,0.0,0.0,0.0,0.0,0.0,0.0,0.0,0.0,0.0,0.0,0.0
5,0.0,0.0,0.0,0.0,0.0,0.0,0.0,0.0,0.0,0.0,0.0,0.0,0.0,0.0,0.0
6,0.0,0.0,0.0,0.0,0.0,0.0,0.0,0.0,0.0,0.0,0.0,0.0,0.0,0.0,0.0
7,0.0,0.0,0.0,0.0,0.0,0.0,0.0,0.0,0.0,0.0,0.0,0.0,0.0,0.0,0.0
8,0.0,0.0,0.0,0.0,0.0,0.0,0.0,0.0,0.0,0.0,0.0,0.0,0.0,0.0,0.0
9,0.0,0.0,0.0,0.0,0.0,0.0,0.0,0.0,0.0,0.0,0.0,0.0,0.0,0.0,0.0
10,0.0,0.0,0.0,0.0,0.0,0.0,0.0,0.0,0.0,0.0,0.0,0.0,0.0,0.0,0.0
11,0.0,0.0,0.0,0.0,0.0,0.0,0.0,0.0,0.0,0.0,0.0,0.0,0.0,0.0,0.0
12,0.0,0.0,0.0,0.0,0.0,0.0,0.0,0.0,0.0,0.0,0.0,0.0,0.0,0.0,0.0
13,0.0,0.0,0.0,0.0,0.0,0.0,0.0,0.0,0.0,0.0,0.0,0.0,0.0,0.0,0.0
14,0.0,0.0,0.0,0.0,0.0,0.0,0.0,0.0,0.0,0.0,0.0,0.0,0.0,0.0,0.0
15,0.0,0.0,0.0,0.0,0.0,0.0,0.0,0.0,0.0,0.0,0.0,0.0,0.0,0.0,0.0
16,0.0,0.0,0.0,0.0,0.0,0.0,0.0,0.0,0.0,0.0,0.0,0.0,0.0,0.0,0.0
17,0.0,0.0,0.0,0.0,0.0,0.0,0.0,0.0,0.0,0.0,0.0,0.0,0.0,0.0,0.0
18,0.0,0.0,0.0,0.0,0.0,0.0,0.0,0.0,0.0,0.0,0.0,0.0,0.0,0.0,0.0
19,0.0,0.0,0.0,0.0,0.0,0.0,0.0,0.0,0.0,0.0,0.0,0.0,0.0,0.0,0.0
20,0.0,0.0,0.0,0.0,0.0,0.0,0.0,0.0,0.0,0.0,0.0,0.0,0.0,0.0,0.0
21,0.0,0.0,0.0,0.0,0.0,0.0,0.0,0.0,0.0,0.0,0.0,0.0,0.0,0.0,0.0
22,0.0,0.0,0.0,0.0,0.0,0.0,0.0,0.0,0.0,0.0,0.0,0.0,0.0,0.0,0.0
23,0.0,0.0,0.0,0.0,0.0,0.0,0.0,0.0,0.0,0.0,0.0,0.0,0.0,0.0,0.0
24,0.0,0.0,0.0,0.0,0.0,0.0,0.0,0.0,0.0,0.0,0.0,0.0,0.0,0.0,0.0
25,0.0,0.0,0.0,0.0,0.0,0.0,0.0,0.0,0.0,0.0,0.0,0.0,0.0,0.0,0.0
26,0.0,0.0,0.0,0.0,0.0,0.0,0.0,0.0,0.0,0.0,0.0,0.0,0.0,0.0,0.0
27,0.5913655111323097,0.402631837366679,0.6639893458327688,0.3639172376198829,0.13914482614877877,0.5184574344173675,0.11034225280602863,0.19508965315705062,0.07539321257463709,0.12208836358860588,0.15575058729410626,0.20025075509242232,0.2150420040481126,0.07755613260751604,0.11645351603836253
28,0.6104418179430293,0.4205265856940869,0.6639893458327688,0.3409675019141245,0.1100214904432204,0.33792314921846267,0.09414774306584035,0.14900548311995204,0.06318429501246714,0.11066489097212813,0.11939240603302151,0.15447915392844008,0.22394906930454334,0.05941505920324619,0.09754482657852531
29,0.6290425381573599,0.4596849317303784,0.6639893458327688,0.35412765111081,0.1006468061051776,0.3705987046508477,0.08869616493498952,0.13817119335248368,0.05823049074294684,0.10281125354829969,0.13133855192296526,0.16151092195932215,0.2115364287608821,0.06105649157082931,0.09373967235286147
30,0.6062511418473107,0.3359946087346541,0.6639893458327688,0.23937813326159907,0.09633006053532396,0.3955681209216495,0.08025194971216199,0.12394467788878352,0.051216809044951864,0.10031493714020248,0.11155021009990516,0.14228343124987902,0.18347074029589666,0.057738203985458154,0.07609154849925318
31,0.6639893458327688,0.3038595311438095,0.5085875840421208,0.24727879086185875,0.08357907849643245,0.33509742686887395,0.07142514875491936,0.11364635396186851,0.05268982318143941,0.08309484281568832,0.09523353167322582,0.1342899800560656,0.17927712337484758,0.058731244348844414,0.06875440973148517
32,0.6639893458327688,0.2439144535712212,0.5794816109085982,0.26707951340759417,0.0800121052718985,0.3197808220733067,0.07429251421905106,0.10292192228193618,0.0525354207691861,0.08461457150435284,0.09857161422672031,0.12630708824295733,0.1668664324605911,0.0599088131578438,0.06249311490190765
33,0.6639893458327688,0.23685391494635843,0.4765729982186809,0.23357727975935347,0.0741468654694058,0.30150536621998175,0.0722433395832719,0.11087251740922405,0.05304762278197166,0.08018324529052433,0.08639627453087197,0.11819010355823284,0.14501853197329184,0.06476170057985361,0.05990375243701614
34,0.6639893458327688,0.16904715628813274,0.3328525402882614,0.17430843449466463,0.05662150905123391,0.20979467930221032,0.05966370221934097,0.08680184170590105,0.04597213886208321,0.06705566532616197,0.06840888640018968,0.1000108176176686,0.12038685335659548,0.054978204477830625,0.04866412281509525
35,0.6639893458327688,0.18869228480208566,0.3456545610685791,0.20468315639548276,0.06772551687253268,0.22812384845021927,0.07039012737243559,0.0993934668916336,0.05444375870310953,0.07918889329399005,0.07958027167929807,0.11767411670970507,0.14021835967876323,0.06871297995637828,0.05230668642050236
36,0.6639893458327688,0.15326392850114817,0.2796189229906444,0.16662659095575927,0.05762466530431213,0.1873661325410456,0.06477467535238622,0.08628993854363819,0.04921192867681292,0.06844611444118545,0.06800138411839309,0.09763681629082473,0.11628596479928385,0.06275855895792304,0.04452602785061719
37,0.6639893458327688,0.16014265861630575,0.27347656847850976,0.17663332140288188,0.06167699676632791,0.19467531261805643,0.0685969886274689,0.09387505193439874,0.055601484929270216,0.07492236006120784,0.07247771028456279,0.10599212008659029,0.12394823195995083,0.07105984943894994,0.04664678135854925
38,0.6639893458327688,0.16698034476726165,0.27305436623335944,0.19147180321207502,0.06703030321639837,0.19690931717666374,0.07528679481941504,0.10084912095743294,0.06237446000523134,0.08143265562099995,0.07652636390365003,0.11459258013965692,0.13826780428096558,0.08132305581531893,0.05265295820932077
39,0.6639893458327688,0.17135208924716613,0.27554601095077436,0.20136426633889515,0.07374814176623117,0.20899336786867478,0.08372545166367663,0.10828365322754101,0.06864745659919974,0.09130778207854723,0.08235526770018838,0.12414775909965642,0.1453107382977488,0.09052971355523312,0.0576222172357887
40,0.6639893458327688,0.16240696608841076,0.24288392106683868,0.18623236797367632,0.07403195664151806,0.19216462690450128,0.08270689883058745,0.10469010302880945,0.06854624401478424,0.0900396319199175,0.08311595320539723,0.12350318016102069,0.14227387111877307,0.09141570711309846,0.05710061278377423
41,0.6639893458327688,0.17708033654249522,0.24934473858741055,0.1980610689488651,0.08320960165987727,0.21491733013600256,0.09229245378507576,0.11254056709029979,0.07655444364596141,0.10173628678247716,0.09023137551466875,0.13745002381888527,0.15474327974916222,0.10253831150549238,0.06351202438400398
42,0.6639893458327688,0.18523717729588315,0.240593823480682,0.21099743340140403,0.08941065668880206,0.21722417047480125,0.09908001929971322,0.11828643993715073,0.08250428046599446,0.1092106257664749,0.09720339050072227,0.1450117450090703,0.16597594780512454,0.11444023906499391,0.07034015895350688
43,0.6639893458327688,0.19872780612737004,0.2562082674150212,0.22915148599971313,0.09934606287521229,0.23442640369748932,0.11160235071816069,0.13051131099787106,0.09349329003559122,0.11967222006934772,0.10967779085443818,0.16114681725870517,0.18175554194480698,0.12930155511621141,0.07967999637987433
44,0.6639893458327688,0.21734512138552173,0.26960612950956225,0.240222261918017,0.10841748681829066,0.255687834737047,0.12028111557683895,0.14196337988006014,0.1021080256939238,0.13480306475478113,0.12069790426407977,0.17892765529809349,0.1985762529593327,0.14508473244553502,0.0892908853027761
45,0.6639893458327688,0.22098529979337025,0.2630939872462762,0.24592907930237945,0.11694403734375067,0.25129744268538123,0.12743430526603478,0.15289829447264897,0.11086651883178585,0.14483140610395143,0.12820783546254275,0.1888072541452665,0.21472819627880418,0.1556262935154261,0.09580862200975922
46,0.6639893458327688,0.2350221479568493,0.28706215731485635,0.26270739019084977,0.12932989587800794,0.2762130769170792,0.13811256589006135,0.16466714654173045,0.1201614984142989,0.15989961205795444,0.14245209193063138,0.20932485925644767,0.232757665654529,0.17236237593894205,0.1067093749068983
47,0.6639893458327688,0.2583260025657167,0.3052636943349177,0.28869521510305085,0.14819709244203083,0.2982743221577426,0.15762733548075092,0.18391558255245735,0.1355200465726419,0.18099176629450595,0.1597118838115318,0.23397198477583844,0.25817493472795894,0.19451276474584073,0.12199300722945312
48,0.6639893458327688,0.26770592203839677,0.3089713126372294,0.28895190134322063,0.1553639379635807,0.3087075120944549,0.1622779416243801,0.1883769068271149,0.14333924674158852,0.18968444629338863,0.16970108235793815,0.24478598995678422,0.26891587500144004,0.20246298152783299,0.1284397360135034
49,0.6639893458327688,0.2847204592949541,0.32642836436658834,0.3100421928910559,0.16587010543561356,0.33095969158207655,0.17244837920151046,0.20339969332996718,0.1527112421383331,0.2091845385005161,0.18515402667369385,0.26599752832160367,0.28685422975207153,0.21775787439865638,0.14124879419070874
50,0.6639893458327688,0.30130608970562617,0.34125185537963576,0.3246502332062138,0.17871682198699645,0.3445846007724343,0.18659990899261167,0.21736969343522614,0.16526118802305448,0.22874076915994895,0.201056424735371,0.28552227810215913,0.3134511655263851,0.23644591020422615,0.1542115024147803
51,0.6639893458327688,0.3201725027677159,0.3616842595816642,0.3495380263290997,0.19700947422610357,0.36928166860577155,0.20135066895384898,0.23272170781919682,0.17810420896448073,0.24962877725320262,0.2213609551529808,0.311306655624562,0.33157442649497126,0.2555549238351486,0.16933101852979698
52,0.6639893458327688,0.3287333322340682,0.3692165237145505,0.34906243559994116,0.20255407022787283,0.3771317701238867,0.20584698495095388,0.23611876098130183,0.18422237981402964,0.257274521524729,0.2303625985412929,0.3202994196046957,0.34930899698756424,0.26679778114836644,0.17688262400115448
53,0.6639893458327688,0.3425693263779258,0.3843870108694999,0.36090598420879616,0.21790813903158776,0.3919949496158906,0.21655594661666158,0.24855163832170202,0.19405080356603638,0.2739423345924389,0.24586462622216704,0.33903472611246066,0.3604304145155833,0.2762453763834224,0.19001399889570544
54,0.6639893458327688,0.3528926023105767,0.3939184082625038,0.37512461579254375,0.22933372746293512,0.40249303016752985,0.2249608577532562,0.25757845525373957,0.20268018511784958,0.2876037344988059,0.25858847526232764,0.3585600898893278,0.37569285540549396,0.29375006282760785,0.20009233983020208
55,0.6639893458327688,0.3712700405321643,0.41107723841302685,0.38664657750725223,0.2462186271926185,0.42545255624353284,0.23599643245648044,0.2678781888035131,0.21299981339531565,0.3044790545672169,0.27570349693922513,0.38044192569812874,0.39065636695167955,0.30810942364516153,0.21517784166405501
56,0.6639893458327688,0.388186754210819,0.42387942735670514,0.4031572344526087,0.25782206356033743,0.4336008988676461,0.24401166863419282,0.280902927567448,0.22284231775816998,0.3223740391132204,0.29104073434946254,0.39614756256711653,0.40768903945663537,0.32143383312543794,0.22632589182990936
57,0.6639893458327688,0.3981010938582842,0.4384072110020484,0.41038670625034995,0.26710561602734634,0.44409953929389634,0.2519051713057686,0.28700261297697977,0.2340830213224466,0.3370605010115778,0.3027820743362076,0.4066616415426313,0.42033238545198776,0.33326076608692295,0.23740594988629127
58,0.6639893458327688,0.410705271178839,0.4552956412995497,0.4222666265422074,0.28235946025832415,0.4675674335100681,0.26237214155094896,0.29829554052862417,0.2427932163087631,0.3540605611496266,0.3198022646020748,0.4278138122891359,0.434099424406959,0.3443598904948853,0.25032413516529417
59,0.6639893458327688,0.41776990397159613,0.4663640166184168,0.43184044907756236,0.291595557915562,0.46609694562316684,0.2685736449557862,0.3068476015385653,0.24965128063404526,0.3646179783616067,0.33031923396144924,0.4391032939356176,0.4439350129734218,0.35484506922686476,0.2573635374989792
60,0.6639893458327688,0.4238069419171108,0.47047112295610344,0.43692943618319713,0.29620386105149005,0.4771101850913429,0.27148927781594473,0.30849278425188104,0.2559637811029898,0.3746676211318236,0.33997652591204586,0.44925198794606647,0.4489517125775971,0.35758076175772124,0.2650054401995406
61,0.6639893458327688,0.43520912307090037,0.4742198390429015,0.43875128666974406,0.30791022210571356,0.48522642296142804,0.27823761961246485,0.3131241257160267,0.2600396629687789,0.38325686830366507,0.347621406174023,0.4580808888097398,0.4591999393081598,0.36418345170631305,0.2739290511560892
62,0.6639893458327688,0.4462112506641237,0.49411136687207313,0.4524266745539129,0.3161693181118101,0.4969946620753465,0.2869256483695541,0.322922302620714,0.2698389248451236,0.40019391970739415,0.36005422142898297,0.4762938425928685,0.472788153831828,0.37796786729715626,0.2837989240176515
63,0.6639893458327688,0.44586967486888984,0.500373394129546,0.4537689738117604,0.3224322101304076,0.5067915401526135,0.290652483961287,0.32751033122758316,0.2750086750765965,0.4041500004198515,0.36675774594898947,0.4745601290692075,0.47854589141128273,0.3818843528178134,0.29247955530117276
64,0.6639893458327688,0.4596353084851978,0.5103477981724356,0.46403513061568236,0.33484049073235533,0.5099097838549286,0.2984217421579518,0.33863984730800345,0.28524044617661065,0.42231316153795945,0.3838708671682737,0.4959328728848209,0.49281409905507007,0.39216182735042027,0.30247084548982106
65,0.6639893458327688,0.46824828726828516,0.5174690471646732,0.47295957961156887,0.34023341896071313,0.5171219322165014,0.3046836620172363,0.3409600184148657,0.29101320208009746,0.43143381927183233,0.39244645407851864,0.5075023710126847,0.4977745790473276,0.39837400055013134,0.31330187825571454
66,0.6639893458327688,0.4688777025832346,0.5133522269549544,0.4669535298368336,0.34412532631513143,0.5099808408603249,0.30103441121297536,0.3393003174799639,0.2906883348083335,0.4297455323691814,0.39355675421456626,0.503033123744362,0.4884464499560009,0.39783643749787795,0.31094991450134185
67,0.6639893458327688,0.47827070609014716,0.5263956603798348,0.47859070835767703,0.35097453807180234,0.5201128192590666,0.30588553367622484,0.34378282470068966,0.2956210012271734,0.4403862424053478,0.40109798578636613,0.516622006213852,0.4944961206390769,0.402933081813884,0.3212025916360919
68,0.6639893458327688,0.4777530972216604,0.5221987443251659,0.47225073596905215,0.3512209269178721,0.5138125724323767,0.3059629476098129,0.34255940396143936,0.3008048310670797,0.44356398437700656,0.404331270257948,0.5155696820429332,0.4991633895288416,0.4047479257593528,0.32175660491084657
69,0.6639893458327688,0.48558708767891223,0.5345063332946209,0.48370969119057533,0.3610458486515797,0.5325796553565879,0.3127557343878905,0.3489692970737297,0.30821669389894957,0.45386478272485775,0.4184036320430904,0.5281106709800424,0.5094753475545468,0.41642139499959,0.33279230904411966
70,0.6639893458327688,0.49123612820981366,0.5398170426937628,0.4912957261628873,0.3676354991282432,0.5391701786332826,0.3201063217183193,0.35379215646493084,0.3120825403462304,0.4647125341860912,0.42363270456089536,0.5386770898433786,0.515926235558364,0.42465446968305354,0.3398982298284646
71,0.6639893458327688,0.49546423130160716,0.542994722693995,0.4894291670674408,0.3725862235855489,0.5427384597243601,0.3216956966638611,0.35727118036083083,0.3191436556631401,0.4729182199821679,0.43273723040876216,0.5446796921906691,0.5167608174092765,0.4262604694991306,0.34823214861796464
72,0.6639893458327688,0.4948464706684421,0.5411145920134177,0.4934797696563335,0.3743350675238483,0.5419352086224767,0.3256227138104665,0.35930746561537846,0.32031974254114154,0.4775888366239157,0.4346124446146277,0.5461461916624486,0.5206737208591555,0.43114066717133137,0.3492926092038213
73,0.6639893458327688,0.5012812250919121,0.5517977541064187,0.49980106399419977,0.3867292170091873,0.5520846732884169,0.33014900676776515,0.3649569171744409,0.33004638040569867,0.4891396832456078,0.445193369887417,0.5618133885490392,0.5297078249667309,0.44032037839306026,0.36007372251253106
74,0.6639893458327688,0.5036780219305395,0.5498334160927533,0.5013376040858267,0.3869655161776733,0.5408710384046352,0.335647561598357,0.36987058864770417,0.3354522911098828,0.4935638918857391,0.44725265923365926,0.5627745024312938,0.532994554218809,0.4390568421851633,0.3648975903087781
75,0.6639893458327688,0.5072567564593897,0.5561524190042351,0.5061363460959952,0.39265195714302337,0.5491360248498217,0.33918844565999584,0.37283100043338097,0.34268020692426737,0.49775937674878734,0.4581859684372408,0.5683262622773693,0.533753878445637,0.44484392173847087,0.374186092511525
76,0.6639893458327688,0.5158662253919795,0.5629872995733479,0.5134993930446176,0.4000453370039153,0.5523920098246198,0.34431457644068186,0.37772409171168636,0.3479527707719404,0.5029464600595478,0.46474873594781085,0.5775217260637477,0.544093162728663,0.4533938027356935,0.38222496925274885
77,0.6639893458327688,0.5194602161391343,0.5584602063170713,0.5169030983381682,0.4045601231761924,0.556467061461079,0.34951114601798056,0.3861353426535179,0.3533897259169811,0.513337334825217,0.4746105931978716,0.5805598840389258,0.5437643288545033,0.45544732025805357,0.38360607185011053
78,0.6639893458327688,0.5225059807036838,0.5662308420609433,0.5217699933217745,0.40699627234308516,0.5587530286039363,0.3531149129933576,0.38670585588521994,0.35910559522172675,0.5201774759678613,0.47711307619495225,0.5850099997642199,0.5414354932415937,0.46219380096469576,0.3878876086182965
79,0.6639893458327688,0.5190172818715384,0.5555077960056602,0.5137102654990763,0.40548646831254737,0.5452900465047656,0.35073439666848694,0.385746735410245,0.35749454778474904,0.5142331295679216,0.4737056509642721,0.575876712462185,0.5397760987611278,0.4556366276200272,0.38712468481097223
80,0.6639893458327688,0.5230616634151023,0.5636444568895641,0.523951185277623,0.41282329843350457,0.5534416900175823,0.3576584043171757,0.393254904825397,0.36648723142686673,0.5248895916465022,0.4862126221815129,0.5897697615535608,0.5471497160971918,0.46589013733363305,0.39495253200301506
81,0.6639893458327688,0.5291577143260809,0.5715496349295618,0.5249495018615356,0.41892419813249954,0.5585872004492595,0.36081819363485695,0.39835258477995755,0.37590002224808844,0.5300043542412608,0.4925125032333061,0.5988005876886869,0.55242540103487,0.471138033834914,0.4029447888251064
82,0.6639893458327688,0.5261482193548789,0.5656866716823861,0.5287417645099338,0.420596111337867,0.5565201289492282,0.36155365251871746,0.3960122603659583,0.3748063850372172,0.5342521806558232,0.48595314212849383,0.5894677516873827,0.5435647568151065,0.4668356360372975,0.4025903987979924
83,0.6639893458327688,0.5375947471530952,0.5728941268400575,0.5339994029682573,0.4274478538981838,0.5613003736518577,0.3698771798824182,0.40072965437185,0.3838172565519691,0.5369666305830444,0.4990714793951078,0.6034193253541307,0.5576494978652232,0.47746944611727227,0.4118924706972452
84,0.6639893458327688,0.5311401410640411,0.5661992832288493,0.5246787231677299,0.4260178583417377,0.5607279215500747,0.36576861283086737,0.40026575141809945,0.3829957759415288,0.5406723729541231,0.49890474501440274,0.6007986803502924,0.5506002790466943,0.4694972382606066,0.41160562227899283
85,0.6639893458327688,0.540605454030119,0.5840388636905277,0.5345361065109355,0.43633143572015554,0.5677574776856422,0.3736075483007397,0.40632962034497466,0.3947902441809455,0.5531516795972975,0.510394468279354,0.6165816120961551,0.5661880933534273,0.4849370510287438,0.4207986920931003
86,0.6639893458327688,0.5400963430985991,0.5764355396035294,0.5324794875548191,0.4365270377044092,0.5665597054216047,0.37537392753814514,0.40862894837203284,0.39754315470433316,0.5580970055883924,0.5139361856700629,0.6232945116332209,0.5683732715918295,0.48576523475554434,0.42397220195654867
87,0.6639893458327688,0.5446845568740853,0.5834155514512219,0.5385577438158786,0.44194150233149204,0.5697441885781782,0.37456171785744713,0.40317230867517473,0.40092294032302167,0.5600356422382917,0.5169565279121968,0.6249812282716414,0.566386230501273,0.4882225111435968,0.4289800217465241
88,0.6639893458327688,0.547733556949118,0.5846093996579739,0.5343567919463468,0.4431451460445592,0.571570633042613,0.37507623557639014,0.40010278949679917,0.40486323719315315,0.5569440394611797,0.51774501329879,0.626205868648131,0.5649009309528273,0.48918901529737857,0.42603965039754554
89,0.6639893458327688,0.5480937254893119,0.587330229185635,0.5321153361030072,0.4465359457493389,0.5727705023055231,0.3756796961457666,0.40375809148947317,0.4091132966347876,0.5671823512426571,0.5244768242821571,0.6317973299982124,0.5724907479877933,0.49112127425476804,0.4297694416175372
90,0.6639893458327688,0.548400350721374,0.5828667242359673,0.5367947556007123,0.4439719986358658,0.5722738646539605,0.37199717250515374,0.39699236837093976,0.41097344966929616,0.5634244534870207,0.5261803828169614,0.6285499927048597,0.561105978898197,0.48401486509057856,0.4269371422122158
91,0.6639893458327688,0.5576001707318408,0.5930898413041573,0.5413362158725442,0.4542239180379045,0.5825664125295117,0.3775926407247077,0.4049101271727605,0.4202779673751234,0.5740276645976543,0.5337005740565945,0.6327891451330404,0.5718029952090634,0.49230508132891176,0.43448767111996367
92,0.6639893458327688,0.5576951349496085,0.602248979525434,0.5446340139204429,0.4576534229703264,0.5819165632196787,0.3815128665193383,0.4079238061781602,0.4249867456034158,0.5821022987509731,0.5414993222784327,0.6429226086254867,0.5763780711085176,0.4951750869783051,0.4404781342680494
93,0.6639893458327688,0.5573321150379824,0.6028326540488718,0.5474892509393542,0.4623738538780016,0.5884924704264598,0.38271868063595244,0.4098744206343309,0.4306946534346736,0.586857365390081,0.543992278582992,0.649790249111787,0.5760519454695059,0.4977659828779434,0.4430536755042583
94,0.6639893458327688,0.5587713368917179,0.6057369544984899,0.545822718684313,0.46301816466837503,0.5840113486724138,0.38586286496892164,0.4109345197439402,0.4345335869088067,0.5886865032416035,0.5511528457821848,0.6553105235864318,0.5823957471692622,0.49900176789227757,0.44589955825977606
95,0.6639893458327688,0.5652386820910168,0.6043687495381667,0.5470388886744222,0.46578623468097535,0.583755602379919,0.3879336213546738,0.4127945606436735,0.4374259596439212,0.5905332971317104,0.5506644585026698,0.6518666965637763,0.5789703778329186,0.5023225539921037,0.4492477355883013
96,0.6639893458327688,0.5640086381414133,0.6011859575259846,0.5485138953353305,0.4642495311088216,0.5871213391790167,0.3866014936352103,0.4126182035732212,0.442093558547439,0.5945936902433007,0.5520475759517328,0.6521889699462633,0.578158803587466,0.5045843636024162,0.4505809968638137
97,0.6639893458327688,0.5634369601998351,0.6019412188016724,0.5445733797780389,0.46581681724490565,0.5819981730642508,0.38747111391807343,0.41099501828501706,0.4470006585753363,0.6001434412958119,0.5518998607658193,0.6521460023115363,0.576352382958622,0.5009781478774121,0.45308073939260635
98,0.6639893458327688,0.562080366634812,0.6045030856574475,0.5432892685199683,0.46756312337926936,0.5779552555127789,0.38902517143524795,0.41314806138138727,0.4501206855405883,0.5993771286169457,0.5524755981557606,0.655520206498424,0.5781855381580636,0.5049094144470085,0.4563997737516779
99,0.6639893458327688,0.5669258158440573,0.6026060394102657,0.5474256104255394,0.4717887021039686,0.5834954150308105,0.39224762253515305,0.41667945849637306,0.4576704003910854,0.6078347096174729,0.5568528375289116,0.6583756294320885,0.5791360694881589,0.5077226822857519,0.4606051136821279
100,0.6639893458327688,0.5704246477230196,0.6137811990671352,0.5481476301213396,0.4739582332947489,0.5845759859285852,0.3951782437978146,0.41826743181184683,0.4633394017951371,0.6101104580712399,0.5648800725510235,0.6621108604143703,0.5850984070293709,0.5126279940036211,0.46461718333293833
101,0.6599615857009925,0.5694980498606056,0.6115926095599211,0.5451841505578059,0.47114007527551105,0.584185054219593,0.390804329231191,0.41383443212361387,0.46424489016153675,0.6081096706303907,0.5636589474486536,0.6639893458327688,0.5864825261518364,0.5085208596670117,0.46112223142796577
102,0.6639893458327688,0.578026312051673,0.6157586311454827,0.5504640718118153,0.4756014252373783,0.5832655999005236,0.3931173658328103,0.41598621113372997,0.46416863948182524,0.6135534484885218,0.5648381769408668,0.6637599517566979,0.5826338951828738,0.5097287499291734,0.4664991832153272
103,0.6639893458327688,0.5712077463814734,0.611355304537532,0.5418160585725625,0.4711131071147884,0.5798789960206573,0.3891549410505007,0.4120862163549385,0.462340285904724,0.6050629263875428,0.5597508745922467,0.6602076564694371,0.5813961469210739,0.5064803400588979,0.4667688558634052
104,0.6639893458327688,0.5704205416803905,0.6128217216523644,0.5446551344470103,0.47584500695189264,0.5813015744230651,0.39322753318924714,0.4144206537938851,0.4691840167547034,0.6073800555343482,0.5652443989037046,0.6630791873034467,0.5862008606023986,0.5144513085707847,0.47033887308787964
105,0.6639893458327688,0.5664782964814619,0.6114543440704863,0.5412481165692452,0.4681368353605792,0.5719800356494723,0.38854585203994424,0.41053754367003314,0.4679311079508617,0.6037642719719801,0.5611582703187095,0.6626175182423393,0.5852726844194717,0.5119510903447081,0.4700421996046196
106,0.663964853117532,0.5727273430470993,0.6184812454380455,0.5371971780940874,0.4718429759462773,0.578817248230797,0.3881428486964467,0.4128220229897387,0.4726317693119284,0.6062806374885845,0.5643888620079407,0.6639893458327688,0.5913163186911636,0.5133871209149364,0.47159573062247395
107,0.6632314322499219,0.5688621126481708,0.6121899322808083,0.5308392449782641,0.47053561831194773,0.5737119478337197,0.3886196201496059,0.40654529475208134,0.47148399740478486,0.6043098328382378,0.5606405725282453,0.6639893458327688,0.5840046358136174,0.5092092927992385,0.46819142010260617
108,0.6639893458327688,0.572613203076291,0.6158950226914639,0.5298693200801757,0.467062943773632,0.5669334556495135,0.3857543716058135,0.40321637533221033,0.4694726682260046,0.6015071921112739,0.5577078576163289,0.6541966231678771,0.585737027996013,0.5102532902923003,0.4656281563427204
109,0.6639893458327688,0.5765770089796676,0.6156175075994516,0.5303247507522455,0.4669957416718012,0.5698495283966911,0.38993197555380527,0.4051211036051176,0.4791296839074999,0.604219910023331,0.5609123812000291,0.6633157598680743,0.5830062015880048,0.507173100365799,0.4687484329969813
110,0.6639893458327688,0.5764049555315903,0.6155331335675776,0.525318382803801,0.4670182294143648,0.5651616859178402,0.3869005942068752,0.4066453743335123,0.4784077515550445,0.6011129691291297,0.5568925880042083,0.6571097562674129,0.5840610516062512,0.5098960865527604,0.4698282444040532
111,0.6639893458327688,0.5744657833105725,0.6145768529219772,0.5234070944000764,0.4643548756405444,0.5650674066151228,0.38703405119169104,0.40685176784304217,0.48043192809798957,0.5994330758476993,0.5566030133106276,0.657918919808213,0.5822555487458777,0.506986443065095,0.47194102570538254
112,0.6639893458327688,0.581575765556772,0.6168437150689591,0.5252005592859859,0.4651127199108141,0.5654505666634314,0.3895309294951426,0.4052790390944877,0.4835778604008049,0.5956863041536995,0.5617641278160951,0.6524371065494882,0.5843218310166589,0.5075820394593432,0.47227707372531313
113,0.6639893458327688,0.5798365082127175,0.6202878182713373,0.524008642700647,0.46255379333421515,0.5636743178052356,0.3843099376997409,0.3989479751193977,0.4806976461904963,0.59332445390464,0.5513227004683355,0.6496261691799379,0.5816123019851088,0.5039399990196464,0.4704386920582212
114,0.6639893458327688,0.5783112296980196,0.6155357921490126,0.5183849687329614,0.45843695732215917,0.5544028160278501,0.38300469196482173,0.39722208992078856,0.47844634764214933,0.5887889140029917,0.5509192504843036,0.6476639790342463,0.5773229498268485,0.5009905201943415,0.4662655427370722
115,0.6639893458327688,0.5775437707386686,0.6125575205769687,0.5106395467875272,0.45259890825483473,0.547780279846508,0.377888664060217,0.39432304074166424,0.4729777783707493,0.5786261596825251,0.5432147403892201,0.6358303106041971,0.5703123754526258,0.4936252424553863,0.4629608579541694
116,0.6639893458327688,0.5778254843533728,0.6063594972550274,0.5066993835608244,0.45263681776116055,0.5401423487304213,0.3748005297110246,0.39220703310195426,0.47645639012803964,0.5750405287249716,0.5361742407353888,0.6310965832223338,0.565910654484292,0.49119748280401465,0.46013157782031255
117,0.6639893458327688,0.5855648007512329,0.6115640174500763,0.5092304527973843,0.4510463396644064,0.5463137518117475,0.3784504015603134,0.3966039069329202,0.48028387162647507,0.5774249777100711,0.5390204274877715,0.6362144275069701,0.5705491871135046,0.4965222356209296,0.4629410216175817
118,0.6639893458327688,0.5731450481047639,0.6056376919818764,0.4959844467550921,0.4421497450595956,0.5287105076487243,0.370094098544278,0.38924967092975155,0.4723837810285492,0.5611959382926992,0.527008490558911,0.6180671956801712,0.5582757315871555,0.48850374792810863,0.4543645284213088
119,0.6639893458327688,0.5792711530581388,0.6075391457187322,0.4998932523868411,0.4454385620218498,0.5323289739444104,0.37348610981996916,0.3905461158376658,0.47500533034579967,0.5669319941482551,0.5304678298792662,0.6214900124416728,0.5596417063541929,0.490958303393201,0.45966370822443325
120,0.6639893458327688,0.580716796045737,0.6066189664897259,0.492987466289293,0.4442042910056361,0.5258240342812341,0.3738069474464276,0.3900023526510032,0.47707278623726335,0.5649222820105342,0.5288803873294808,0.6174994771943867,0.5584654109512469,0.4873234615033109,0.460452296701967
121,0.6639893458327688,0.5809450573707187,0.602190387655043,0.4935943025656009,0.4373354424480873,0.519534640822054,0.36859254177885536,0.38332446153940447,0.47490441175570847,0.5609861767113199,0.5241768522370284,0.612018955582243,0.5563366914079911,0.4827424650149045,0.45748762657533176
122,0.6639893458327688,0.5843988517650737,0.6142575543415938,0.4964327334150235,0.4385307132519584,0.5217372563978743,0.3719551932008837,0.38491895689085465,0.4801267368539501,0.5609104938259108,0.5287856867272169,0.6162044601561598,0.5571261677514253,0.4887202983142216,0.45883208264742675
123,0.6639893458327688,0.5854905306258492,0.6098412629095203,0.4867134891139962,0.43361262920232074,0.5185197228736526,0.36436897004759344,0.3776506279584955,0.4749834863111675,0.554755120476219,0.5196695327578288,0.612546579683154,0.5546164351632327,0.48150564351265634,0.45708463123085397
124,0.6639893458327688,0.5870529259992142,0.6120852434343319,0.48486001431273756,0.43150829746144426,0.518330311587587,0.36153850452128344,0.37663980582129514,0.4757692236336516,0.5521271531036006,0.5161649589746256,0.6051228308702306,0.5532747226206122,0.47804212736664553,0.4537236496495608
125,0.6639893458327688,0.583705030023445,0.612786884964231,0.4782247320057677,0.4268568436474988,0.5076698134111159,0.3572991195013464,0.3714425557978013,0.47200140300095206,0.5453403241171334,0.5102899177505716,0.6003920351298532,0.5475665630297191,0.4711505329293996,0.45068988253528297
126,0.6639893458327688,0.5846818240752479,0.6073513962485168,0.47359641910702005,0.42433683898941904,0.5034279880834096,0.35472675144278215,0.3674153107546118,0.4694907558547134,0.5377024326133908,0.5056640304941429,0.5917906893834571,0.5384425273313113,0.46949974734673394,0.44608014801526746
127,0.6639893458327688,0.5831904114482342,0.6128504717165277,0.4752384355874994,0.4235110365041078,0.5035584158021742,0.3562695356652658,0.37070708515314915,0.4728448622043098,0.5391062110237022,0.5098299127685479,0.5957633240523988,0.5432862158858354,0.47096288971812006,0.44597053269953
128,0.6639893458327688,0.585030583073955,0.6116402261856949,0.4717790781198638,0.422054531387972,0.5012495101103873,0.3547611923985608,0.36841440469043135,0.47194866793424134,0.5394174587835056,0.5031287675779244,0.5919457758358546,0.5411814235429241,0.4671959006880217,0.4451308873921875
129,0.6639893458327688,0.5864314767160337,0.6137908905412837,0.47246984737156056,0.41810779727770325,0.4970024604840762,0.352159195820696,0.36655024006494147,0.4726493341109274,0.5317013679580267,0.5041596825909425,0.584836898792652,0.537404036050423,0.4685797759116967,0.4436795503749734
130,0.6639893458327688,0.5866240925552401,0.6120506974686922,0.46544061737363823,0.4180337625698077,0.48952174114445507,0.3523261557817038,0.3666387655185224,0.4723092248326811,0.530625810008455,0.5031490015911015,0.5819757371552674,0.533302148730387,0.4649958692480047,0.4412441912155317
131,0.6639893458327688,0.5933461048986371,0.6137804734706808,0.4658337153353646,0.41692933882254934,0.4896939008268718,0.3532730599650518,0.3671647898272064,0.4749945443054001,0.5313152206039382,0.5006466297309639,0.5805900880215524,0.5365381137503697,0.4640191168489697,0.4425313039034255
132,0.6639893458327688,0.5895622161583786,0.6071815980861053,0.46157549546139237,0.4115383056407253,0.486936814554851,0.34845202392337704,0.3640868579361466,0.4744011248630367,0.5226925585229437,0.49526592100328637,0.5759700259761155,0.5281166049610454,0.4589141097098743,0.4399807114683482
133,0.6639893458327688,0.5938648441007188,0.6128754262368222,0.4612250720613862,0.41293707207222863,0.48107269253064794,0.34872072608958926,0.36392800597689434,0.47707513780339156,0.5230430296828668,0.49368637470955823,0.5734624513574015,0.527158236031187,0.45828391725434303,0.43900794048285985
134,0.6639893458327688,0.5893996483276969,0.605634059792927,0.45393039575839755,0.40529570517335917,0.47231931802402416,0.34614381823883006,0.36170931369691495,0.4726011142148658,0.5138497516216943,0.48787391836386723,0.5649950858170026,0.520522150530705,0.4531447111438855,0.4332635321655098
135,0.6639893458327688,0.5927684089530659,0.6074826652632167,0.45542613729453246,0.404523370747955,0.47205141782557275,0.3457790715706082,0.3631328820288965,0.47573561390468544,0.5133934198966896,0.4865170410151365,0.56125205193403,0.5199073322989145,0.4489399924223689,0.43193883697673413
136,0.6639893458327688,0.5915729738029304,0.6066908147974772,0.45069895138419674,0.40135553402557517,0.46463271243035087,0.344524234995884,0.36035422600072253,0.4744221423706378,0.5086178067764775,0.48309100503186886,0.5568145176555038,0.5151222832519101,0.44748373725216545,0.43008943459738996
137,0.6639893458327688,0.5948892699791098,0.6071252873460881,0.44979709398763873,0.39961917346236636,0.4638951961348283,0.3469345087981925,0.36176541692651987,0.475420196806925,0.5086444728388264,0.48025036732805926,0.5523578360545858,0.5143241388715435,0.4488063874104131,0.4298644687786542
138,0.6639893458327688,0.5966233003675866,0.6039144809621662,0.446811770810702,0.39680567043010934,0.45679540251858464,0.34382634833087605,0.359936558274842,0.47479394347495746,0.5037781455594433,0.47622067840374827,0.5468347688585793,0.510170358875405,0.44727794058000997,0.4270673458882249
139,0.6639893458327688,0.5921184011917686,0.5988154461004986,0.4421492996365817,0.39280870826743114,0.44989991700293597,0.34264775706812095,0.35794768489496276,0.4717165805005417,0.5011303084246551,0.47130743845624595,0.5420490521003248,0.5071730826398098,0.4445100220104522,0.4281522068550913
140,0.6639893458327688,0.5942255160125245,0.6006814580179473,0.4405632416229065,0.3928202115269021,0.4466954740389935,0.34264089280904336,0.36029244915878617,0.47375460957108156,0.49703332667961325,0.47200986474426854,0.5392934852165077,0.5043461764310129,0.4424387744596442,0.42725226849928327
141,0.6639893458327688,0.5959610486903844,0.5961064616213447,0.439723992107422,0.39139467492968877,0.44261469187350394,0.342227047944885,0.35862182411092797,0.4761443963520677,0.49547830702425455,0.4687681302115515,0.5364141689926547,0.5073755095940728,0.4418770420186076,0.42824836733374344
142,0.6639893458327688,0.5963946725680288,0.5951037306552376,0.43862122088002053,0.3896536429038872,0.4396920064154791,0.3433608373784928,0.35990387766777077,0.4774533080539194,0.49784648487065153,0.4709855630379522,0.5364679634948102,0.5068201477906459,0.4429284118380414,0.42698650496667506
143,0.6639893458327688,0.5987897908419929,0.596789492585263,0.43804343803764845,0.3906986059333417,0.4429557758749036,0.34471575543842814,0.3609726415430658,0.4799644049414687,0.4990032841185075,0.47133174351790075,0.5376338456183072,0.5052549439395426,0.44442690038310884,0.4286133399512627
144,0.6639893458327688,0.6003925801270928,0.5981332370880945,0.43843464930315346,0.39200328912857396,0.44251935626996636,0.3455795066146834,0.3628736321711116,0.4838128337527226,0.49932896052756964,0.473414566869414,0.5389871840929621,0.5053501558317787,0.4446453609696048,0.42927417351013136
145,0.6639893458327688,0.6035932611458864,0.6037205833650104,0.440016462170826,0.3945631989941576,0.44646523669070365,0.3481920716987394,0.36404193371075777,0.48784132211938824,0.5000337328203647,0.47661595715915195,0.5423874689048981,0.5144090005021651,0.4477521718929323,0.43361496820945933
146,0.6639893458327688,0.6042910725765442,0.6054941286635585,0.4403075984481043,0.39708106010840644,0.4473201898898439,0.3494037987373564,0.364900644329747,0.49210163284240444,0.5017757237789376,0.4798382589659223,0.5421324441138697,0.5127138971676292,0.44871099226576594,0.4334008881062805
147,0.6639893458327688,0.5983762580436501,0.6046083425319587,0.44057382146864066,0.3986408795280301,0.4500949596535684,0.35106671330922473,0.36764444789131107,0.49519510105156866,0.5054469532752854,0.48283327525687214,0.5438583360233801,0.515444523811087,0.4500117694366224,0.43517281976367256
148,0.6639893458327688,0.6079942607467648,0.6149106889875835,0.4481806908147309,0.407569712609329,0.45758485385828995,0.35827231313500474,0.3745149563271792,0.5058630800150555,0.5158724781427423,0.4905091169831132,0.5550153804458972,0.5234725870258864,0.4560324540763251,0.4413755423960216
149,0.6639893458327688,0.6059159176357902,0.6178524113870667,0.4514794407993093,0.41129232396259213,0.46281790658453453,0.36162099451811425,0.3776321893586297,0.5125675965616643,0.5194026056877699,0.4972685930267174,0.5577285340778019,0.5267611840291869,0.4588179119968847,0.4449169933071869
150,0.6639893458327688,0.6128378376683657,0.6236717745287013,0.45678179998707247,0.41640198516130195,0.4664013415217648,0.3670458915274483,0.38310657151385646,0.5224015054977745,0.5282407483953094,0.5032170116505501,0.5644219051155669,0.5312468207437527,0.46494106638216,0.4482725187327814
151,0.6639893458327688,0.6111005087657776,0.6197270394166157,0.4572532542204873,0.41920673117823287,0.4640615589306466,0.36907298831456403,0.3858014553627134,0.5264171544838091,0.5321722009257815,0.5076369225454377,0.5677322195789432,0.5321608968328945,0.4651227092283137,0.44841029295544826
152,0.6639893458327688,0.6130824216734748,0.6268697838945355,0.4662504264052022,0.4259457967433346,0.471766031331123,0.37627993536926724,0.3931982792200529,0.5377943457473222,0.5392417428300298,0.5168510822280908,0.5753498387161792,0.5391938617948588,0.47067045459452844,0.45544220619412507
153,0.6639893458327688,0.6168780400922019,0.6325758218620164,0.47070445272659966,0.43163176527828706,0.4763506904613255,0.38197495182985963,0.3985649666016786,0.5492882005882658,0.5462074328591439,0.5209196220526437,0.5782361726003795,0.5434480850372079,0.47500993166206185,0.46021580017097186
154,0.6639893458327688,0.6167912235474966,0.6322125811924808,0.4707936393533544,0.43438633205060545,0.47838372713063865,0.38564585711630917,0.4013888953317838,0.5533191481591775,0.5481670539331421,0.5237294322749572,0.580553319418608,0.5419196860806101,0.47701388410541096,0.4592145657923473
155,0.6639893458327688,0.6187307816959314,0.6327620839843535,0.4768578861540773,0.4396374091201112,0.4803537839340182,0.3898112439415204,0.40709813640108394,0.5607897575118604,0.5520132028006979,0.5283268941147539,0.5820422646891031,0.5468403103336318,0.4785262112344584,0.46154689313808567
156,0.6639893458327688,0.6208173171745555,0.6332989374024893,0.4823195096650657,0.4441053855504601,0.4852293516957216,0.39542132847393513,0.4115056680192946,0.5681883426756372,0.5589978224072315,0.535551612952924,0.5829878543878392,0.549117787524801,0.4823365889246166,0.4655497113982705
157,0.6639893458327688,0.6237391494878481,0.6398504264889867,0.48477426910461285,0.44812005321296233,0.4860078244264544,0.40130360917640756,0.4179386472939442,0.5758528425268045,0.562759231905864,0.5377532310221724,0.5864275099023979,0.5509412864839109,0.4856014505288126,0.467822619491833
158,0.6639893458327688,0.6248858456871735,0.6392319511252619,0.4906143237320662,0.4527124792710835,0.4847434321882199,0.4055465909116153,0.4242821040052177,0.5840278028784565,0.5672454867822962,0.5399733573352478,0.5872606493273005,0.552830003266627,0.48943157515537183,0.4716206944952482
159,0.6639893458327688,0.630115970266779,0.6395110155818107,0.49432987474985424,0.4568189420979628,0.4875671216689774,0.41270236124472925,0.4306028567429529,0.5935628560684362,0.5715682986231595,0.5492607748543396,0.5902060353964113,0.5560791903807029,0.49248983136339014,0.4753855002627304
160,0.6639893458327688,0.6306114462261392,0.6372786586708623,0.49662433664677147,0.45979345460434845,0.485153657889976,0.41620859717344577,0.43566666259153114,0.5973051195500343,0.5736436638795034,0.5475324226667151,0.5899272192392591,0.5585500428794621,0.49400953084117505,0.47733058849943405
161,0.6639893458327688,0.6306430322159249,0.6413007226541299,0.5019090110032975,0.46432609120354973,0.4853355525039876,0.4220760059706575,0.4416389254024232,0.6069814281820336,0.58143179818561,0.5553252804857377,0.5928887127635435,0.5592341847558638,0.498935722248168,0.4828800169060898
162,0.6639893458327688,0.6308944409915114,0.6384716983938457,0.502769724222315,0.46551392427552135,0.4850110760986154,0.4262738231257886,0.4467838311170167,0.6147785977313793,0.5827110308496116,0.5576505019669734,0.5930135531303707,0.5603093386723589,0.5011156171669058,0.4837464808485496
163,0.6639893458327688,0.6350616925309603,0.641317946090017,0.5099203206694602,0.46987122579694307,0.4836992012253658,0.4318003582348741,0.4529824036535133,0.6205770142464936,0.583716480325103,0.5610259908061759,0.5929058928997419,0.5633743281339901,0.5061103617098694,0.4869432515785608
164,0.6639893458327688,0.6338614087559096,0.637334831477227,0.511070397259812,0.4711327700124141,0.48093136922528024,0.437173815915384,0.45809758489157,0.6251442029148543,0.5871079225759069,0.5618675870228516,0.5920754115740208,0.5643552277784367,0.5075916846145248,0.49119612502771237
165,0.6639893458327688,0.6372865394094015,0.6348630926724013,0.5116123858875382,0.47161833088543575,0.47672680213325064,0.4401547444441374,0.462024595066804,0.6317281141446667,0.5874964219371877,0.5609376785809999,0.5908806706039803,0.563141927599261,0.5071549526209621,0.4910395543270236
166,0.6639893458327688,0.6408161503067934,0.6368807002650343,0.5155669194022422,0.4721440921247014,0.4778007339996422,0.44407666109319316,0.46692338392353494,0.6365982547372145,0.5862139739603873,0.5620938522344376,0.5897795539587057,0.5623656314880081,0.5097728217660819,0.4945961082728333
167,0.6639893458327688,0.6379218647209917,0.6344194590253617,0.5169657693958261,0.47494404370594817,0.47439098049259565,0.4493418228687751,0.47339208051055803,0.6404161202535128,0.5859888020072066,0.5636441849839641,0.586134961118606,0.5621057904877204,0.5138316627827983,0.49842488090281295
168,0.6639893458327688,0.6392592514007431,0.6368016999251528,0.5184528717002391,0.47732305511278206,0.47360060337313736,0.45463478776940414,0.47985445325234555,0.6500547690966696,0.5921370601225613,0.568722771051419,0.5904345676096568,0.5667096941595218,0.5190604188564131,0.5009611042784574
169,0.6639893458327688,0.6413205464554961,0.6323223808557099,0.5197199343942621,0.4797132150619485,0.47335298690584876,0.4607856178608123,0.4844670869781307,0.6554252525553272,0.5934103685250295,0.5698516580832634,0.5900328459578894,0.5712742592650848,0.5249262400169796,0.5084270693170038
170,0.6639893458327688,0.6410896198462209,0.6337355567193553,0.5197973529377307,0.4799045200501429,0.47020017402922065,0.46530661066277795,0.48882960641229495,0.6624991716592672,0.5956547347163024,0.573029889054492,0.5921264644737196,0.5740378530088232,0.5294685078920152,0.5148115442285845
171,0.6625415950504261,0.6372086044863863,0.6277763526684738,0.5194623251077735,0.47924399872555284,0.46671263583579536,0.466754226864654,0.49182919274362275,0.6639893458327688,0.5983677377540956,0.5729453381504515,0.5883717992837729,0.5746491885524834,0.5306713408203529,0.5141630036908439
172,0.6579894078129497,0.6356294122343421,0.6241944392529928,0.5179988803421466,0.4768049850782905,0.46350277987475985,0.46902508076554295,0.49162531103147,0.6639893458327688,0.5931599292228641,0.574095354724447,0.5906619831836057,0.5779220230577709,0.5334636400331834,0.5182871192398156
173,0.6515759606039846,0.628411346826459,0.6174066793622023,0.5139804200610169,0.4732254311748057,0.4576176070854129,0.4694319970587055,0.49375371456368045,0.6639893458327688,0.5888446989649241,0.5704750373913883,0.5835658507342355,0.5739087499817274,0.5337246863384586,0.5178403203809828
174,0.6492568230388328,0.6287677547905574,0.616262457261867,0.5136654211678101,0.47427709186817524,0.45729152156195446,0.4731850670903976,0.4947033554417896,0.6639893458327688,0.5888332316454993,0.5713480075542818,0.5863781250515783,0.5771298232377096,0.5352584516453426,0.5214753765430576
175,0.6399137205274318,0.6207865967173289,0.6055068353804092,0.5105627501255435,0.4693632463350352,0.45191467969958904,0.47080143559512655,0.4947137923304346,0.6639893458327688,0.5848458992386532,0.5662871317920791,0.5792464695793608,0.572094425029105,0.5325152545148625,0.5200808246150317
176,0.6301707068787696,0.6163089564566998,0.6002145295242873,0.5076366523359358,0.4696220124318366,0.45023049188511066,0.47266864115216534,0.4959849245911329,0.6639893458327688,0.5815648412040495,0.5663426474298524,0.5741672750743155,0.5705741265038592,0.5350900396375744,0.5203505779204612
177,0.6330959568449086,0.6127517225175,0.5985342843205127,0.5075714316778396,0.4694360820460506,0.44464520800789903,0.4759131631163435,0.4986485082435186,0.6639893458327688,0.5807656155934052,0.5637206607305785,0.5721763300818472,0.572604654631686,0.5354316560929775,0.5227482111100112
178,0.6260992017000897,0.6087379281331862,0.5910727228705341,0.5057084333374302,0.46717985897609415,0.4408983255989685,0.477647528570163,0.5004118298899511,0.6639893458327688,0.5773067859227691,0.5638707724117201,0.569764315967279,0.5713661715209295,0.5371348149188081,0.5211148593538941
179,0.6177313760745156,0.6022815462013034,0.5835025315793275,0.5024835492866309,0.4634850001119343,0.43828534855924256,0.477770604451305,0.5005773013606036,0.6639893458327688,0.5725676520889971,0.5587393351960733,0.5679533474529548,0.5703887234102071,0.5344920078000521,0.5192030490575467
180,0.6167448065154828,0.5977739329598979,0.5804289120181121,0.5012507510733395,0.46268273708202556,0.4349753745023759,0.47931959785606115,0.5034373613569975,0.6639893458327688,0.574690294031981,0.5599160913836004,0.5667694258672754,0.5692936129674644,0.5393730858169331,0.5239237348658289
181,0.6092655505910949,0.5911458940378124,0.5728944592702577,0.49739549606832545,0.460932008793776,0.4294657432418801,0.47944633927008934,0.5016577808433677,0.6639893458327688,0.5697462678585878,0.5585052405650048,0.561587749684926,0.5673165252973417,0.5374469649913949,0.5240778321965242
182,0.599219557940908,0.5834736267946121,0.5639566221399307,0.49212479529262826,0.4566785597507321,0.4262518493538666,0.4805881393648855,0.5023641198762124,0.6639893458327688,0.5669371515162488,0.556631062972264,0.5590637378049389,0.566006065718855,0.5390742508738893,0.5217620579886818
183,0.5960316729779114,0.5771723668364726,0.5577855417476006,0.49262102098211674,0.4551126405008792,0.4238954494251065,0.4818081163435447,0.5031501148981087,0.6639893458327688,0.5646951216281324,0.5558672164850177,0.5578557308833767,0.5676701098755764,0.5389160573867088,0.524938689900674
184,0.5923062996174446,0.5776518954827121,0.5533152184185942,0.49114545533693493,0.45638363731466336,0.4231431382155453,0.4853384848294941,0.5056791815621142,0.6639893458327688,0.5632900151763209,0.5553133412057802,0.5565980692611091,0.5672826438528752,0.5407287037801912,0.5264303252412131
185,0.584902939799253,0.5699237145764354,0.5501762568902999,0.488122036866227,0.45506176736148685,0.4189101501891142,0.4834614336805912,0.5056361646808708,0.6639893458327688,0.5616299535545223,0.5531274825453353,0.5557471624795685,0.5640017797171778,0.540876784445755,0.5274913798196104
186,0.580013380252858,0.5665093313890834,0.5436246640755303,0.4881136776987886,0.45368368796929043,0.41840994114499935,0.48494916088653545,0.5075630660009502,0.6639893458327688,0.5603447780978983,0.5524403482219681,0.5528918716759732,0.5666832428857896,0.5427144602309167,0.5277251085397664
187,0.5769678225752387,0.5607739124573475,0.5394458756447018,0.4854743185333477,0.45101292419928285,0.4144396843215945,0.48794542003931934,0.5076709083693288,0.6639893458327688,0.5568642646776414,0.553402706184558,0.5489331702244494,0.565616044301999,0.5429986653940511,0.5293895732411124
188,0.5660560706104859,0.5529839096075448,0.5278801890880996,0.48120892298168044,0.4503569967552382,0.4120375221352942,0.48622875116096154,0.5051492638140312,0.6639893458327688,0.5527962655675925,0.549662170550657,0.5485819443657574,0.5615744788310305,0.5400084417492588,0.5263145339838454
189,0.560784065938754,0.5475323293342617,0.5269829560658251,0.48144121912186494,0.45224115900521156,0.4117207695921305,0.4897596054436456,0.5101870073578137,0.6639893458327688,0.556615902008777,0.5503925054906117,0.5476902758191512,0.5634599516630889,0.5450911534325248,0.5312913016781535
190,0.554269162364974,0.5430173896577437,0.5198363683935703,0.4829685217636201,0.4519253243259185,0.41092697227235686,0.49114994740313095,0.5113771891148531,0.6639893458327688,0.5542329450909041,0.5510968028043566,0.5463337836746137,0.5657980200989865,0.5488631216263401,0.535027214806053
191,0.5471945523769952,0.538011155062927,0.5142686331479587,0.47905611774890977,0.4505107816744686,0.4071960525245497,0.49053599864268016,0.5117081807951778,0.6639893458327688,0.5516579640319267,0.5506795437898667,0.5441932585324507,0.5674075345322119,0.5461646943131442,0.5319711196902271
192,0.5412854990652862,0.5298735953805035,0.5102919123319193,0.4751237740728492,0.44698369861355197,0.4052862326590726,0.491456832403671,0.5099029096256074,0.6639893458327688,0.5471707424609629,0.5487329866984927,0.5434323718665481,0.5650558740550027,0.5468748507278266,0.5329385429952066
193,0.5384702398257759,0.5252880532835721,0.5057417373634884,0.4746744245091315,0.4466309780993633,0.4032520661277059,0.4890783892549999,0.5098627110227518,0.6639893458327688,0.5464316878444812,0.548310168780625,0.5391376262893254,0.5682788773257197,0.5473803667367458,0.5335257716805879
194,0.5336179376843021,0.5195050669554361,0.5040066300047441,0.4747603078833724,0.4480267066938507,0.4034632672029718,0.49397244241810806,0.5102690905246101,0.6639893458327688,0.546685858546045,0.5494575276721542,0.5413078281038435,0.5662621373655811,0.5517829831109514,0.5361629572377878
195,0.5300324938421513,0.5161183958677078,0.498946752430399,0.4737582985683783,0.44925985820686776,0.4026725126553137,0.49552863809704845,0.5116551215596264,0.6639893458327688,0.5473949072839959,0.5496834172937625,0.5416631464266932,0.5682817284052055,0.5509791330557662,0.5403684111141499
196,0.5262233836638371,0.5155658915488897,0.49879809570992184,0.475608640588138,0.45055400118328426,0.40591704139193835,0.4990288856239718,0.5111925168824809,0.6639893458327688,0.5470828021260556,0.5518206793117891,0.5432894980081385,0.5695138045195388,0.5555492539019548,0.544127901506938
197,0.5129395209418712,0.5039097188735855,0.4865198049303277,0.47006473168078416,0.4436450940964934,0.39875325223791963,0.4939735615082357,0.5097893356881236,0.6639893458327688,0.5423975896912898,0.5444115733153146,0.5363820896207765,0.5623423486940363,0.5520542393928184,0.5353718762068003
198,0.501679408729636,0.49478015007321313,0.47986306001615714,0.4693809639411539,0.44498274049568964,0.3949533330192978,0.494409280392311,0.510007963086678,0.6639893458327688,0.5392867657929966,0.5488779968713465,0.5334923516493958,0.5641868734035951,0.5493889521276594,0.5345010841688803
199,0.5036225187443679,0.49354883940364414,0.47665049016708627,0.4706539273112904,0.44480587135994526,0.3957819412473627,0.4964830468656362,0.5122320639041834,0.6639893458327688,0.5406439968453816,0.5443637010282983,0.535699191384895,0.5669475678789515,0.551911735666108,0.5371931731935382
200,0.494786462910595,0.4859814917658272,0.4722377385104453,0.46370545607149793,0.4465118227514664,0.39456055188840694,0.4977072614651163,0.5101475806557948,0.6639893458327688,0.5378707244047812,0.5424025870280146,0.529084801111106,0.5649171681692988,0.554346887117299,0.5388273975620991
201,0.49092489420747215,0.48070809259780617,0.4673193436730198,0.4618810718315501,0.44302906545596155,0.3920036727366674,0.49638103362170055,0.5117836086114063,0.6639893458327688,0.5356352206454039,0.5446217105563784,0.5280124418689429,0.5646545021883279,0.5529677015048311,0.5392421425270452
202,0.48865134139805594,0.47778519847166584,0.4636052394633805,0.4675705796545962,0.44535312127417753,0.39449913220004407,0.4969524799866607,0.5103409171889768,0.6639893458327688,0.5393140974572455,0.547177810630646,0.5333810215401409,0.5697790461270176,0.5586921906357484,0.5430762915903493
203,0.488837979245732,0.47578982148445687,0.46422421002350117,0.46926936311419115,0.45136375485297486,0.39975978016372093,0.506661581403001,0.5179532667329961,0.6639893458327688,0.5460503966676835,0.5538001264728216,0.5440157100184927,0.5778838673235442,0.5668126218420386,0.5458851433114082
204,0.4770292930620638,0.4670189226378307,0.45653122599354384,0.4617334350248197,0.4457685317833441,0.39048858060390185,0.4983811959399023,0.5107405820238213,0.6639893458327688,0.5369687696913037,0.5466346020695177,0.5320937328844036,0.5687953074433992,0.559989174718578,0.541616157732796
205,0.47024043864776194,0.4633360782602003,0.45251723472594857,0.4623703581350449,0.4465479640013035,0.3939559394340483,0.5021170009763463,0.5126541007903253,0.6639893458327688,0.5405227276055053,0.5489579898843593,0.5349155072889673,0.5680763167231655,0.5583296260013085,0.5450779007890777
206,0.47016721203485384,0.45891625667298447,0.4466425641746956,0.4646710514343392,0.4482910737457705,0.39202838756892383,0.5017403202977039,0.5153941326710219,0.6639893458327688,0.5407395679142668,0.5491788423135753,0.5304545979694452,0.5760360299212489,0.5653562227059835,0.5505256646731435
207,0.4655625960658398,0.4541064480936029,0.4448254464412598,0.4624242991470828,0.44774921627824166,0.39382365119490426,0.5028782606307564,0.5153323969786437,0.6639893458327688,0.5413993270822255,0.5497409395177992,0.5321259587261368,0.5739208728227063,0.5629383259679108,0.5486896085950266
208,0.45758009419378476,0.4499554313657366,0.43875067034039034,0.4633020348893304,0.44895825042383075,0.391988395367392,0.5037370694274449,0.5145774467895635,0.6639893458327688,0.5385921178534656,0.5498733078198048,0.531646181930977,0.5717118603783807,0.5616639252794521,0.5478756020214949
209,0.4506754531703992,0.44359609728069493,0.4370765993538617,0.4606261646357957,0.45065776054293155,0.39155718239022497,0.5018966336756656,0.5104896075701437,0.6639893458327688,0.5325375675185481,0.5471973594599149,0.5324387664856133,0.5714545900751604,0.5669529475456142,0.5445044910021379
210,0.45010903166145094,0.44457122877141425,0.435057859557149,0.46350290760359947,0.45444978455848956,0.392745145865159,0.5075468859149793,0.5124660941430915,0.6639893458327688,0.5355148613883403,0.5491829821198213,0.5335046079844412,0.5761249169763947,0.568912430286133,0.5517291422787518
211,0.4422396092627598,0.43654499606721237,0.4287116767163851,0.4583671134504058,0.44880690564226755,0.38962599704409845,0.5031116935353512,0.5085467077984924,0.6639893458327688,0.5331262756849267,0.5410562793314266,0.5308364241251516,0.5689952882228825,0.5624950010315426,0.5508412288054315
212,0.43683014737171394,0.43027250501061154,0.4272487895355434,0.4583997508005095,0.4473887412847883,0.39139577233917044,0.5058739843301195,0.511798600992689,0.6639893458327688,0.5338077054997897,0.5491524685836345,0.5309155268858149,0.5718336893267393,0.5619873930231036,0.5500445856773792
213,0.434430554032492,0.4312019778941413,0.4271824947368508,0.4605677242849833,0.45322828667163606,0.391932095407918,0.5016777362642573,0.5130437336539411,0.6639893458327688,0.5396608682662215,0.5543545500035723,0.5328892262680842,0.5761201930879348,0.5701110956410879,0.5508758571752217
214,0.4277470284032303,0.4262545565393709,0.42061005681825764,0.46365735850402,0.4557538359151055,0.3914105850215525,0.5005661630829855,0.5096451694168057,0.6639893458327688,0.5324309305684012,0.5502280647378185,0.5288213495393747,0.5746776899856163,0.5642805338594162,0.5515887098458794
215,0.4261958161449918,0.42114528295149417,0.4212911799219118,0.46193852997361107,0.4503175021184132,0.39298245473937804,0.5007410098509544,0.5124856794132656,0.6639893458327688,0.5359835766209892,0.5506903968042187,0.5314090889057341,0.5733346236547612,0.5689423468262242,0.5551842893909167
216,0.421954951287052,0.41661587426034574,0.4160365833970772,0.45896115358395156,0.4511294643606757,0.387600751325687,0.498294788095019,0.5076550513404111,0.6639893458327688,0.5369221260085871,0.5539635159458225,0.5275972217545475,0.5774059161565421,0.5689447667279318,0.552041045476673
217,0.42151823673267125,0.4174310225318635,0.418051039353898,0.4649371260372042,0.45470028109440946,0.39243066447715175,0.5046138657708783,0.5070310869801146,0.6639893458327688,0.5386015434752738,0.5587636617142565,0.535002748547455,0.5778485685659768,0.5741603824529172,0.5624603858625787
218,0.4084736801515713,0.4089380817115968,0.40938024234716847,0.4609573996630431,0.4526789857925812,0.3839105874962047,0.49892453987359275,0.5062130300908722,0.6639893458327688,0.5319515336839392,0.5545460647699256,0.5216976598077759,0.5690301822959124,0.5672086109235644,0.5508686247508526
219,0.40623992863593655,0.4059434684023642,0.4075580457942213,0.46053266510339186,0.45412916694148825,0.3855641165747008,0.4973065274618301,0.509852239524372,0.6639893458327688,0.5300005094175569,0.5490833179322465,0.5247075668704083,0.5730564424846731,0.5681510600127704,0.5473424287208163
220,0.4059683183534234,0.40459515395467194,0.40918590370503993,0.46131209820065344,0.4544557652940578,0.39062867718617966,0.5005012657497144,0.5084492974645072,0.6639893458327688,0.5367518235344623,0.5561908201233852,0.5285262218824756,0.5714601976835467,0.561606621228589,0.5552272311633126
221,0.39632315544098745,0.40058474652483844,0.40273287702901484,0.45642947888778557,0.45189389901150373,0.3881577011500053,0.49633768370789005,0.5065641388642591,0.6639893458327688,0.5324998300570185,0.5518684841146982,0.5233954625663624,0.5688260550711738,0.5685612019379923,0.555738242557737
222,0.3971767979697636,0.39604703759134946,0.39952523412535546,0.460701873903048,0.4542280522369434,0.38579064067931107,0.4980485602340346,0.5056038847844542,0.6639893458327688,0.5304971287654795,0.5533796721115172,0.5272965427699109,0.571745652269945,0.5655626074450665,0.555175459976067
223,0.3921396877758786,0.393882377677239,0.39894069142670185,0.4609703890255616,0.4534357765537369,0.385126535064514,0.49739201900183616,0.5047861599626075,0.6639893458327688,0.5303228125456083,0.5553380395524766,0.5251743059209585,0.5692111637785204,0.5696969270188441,0.5512014433546928
224,0.39052024280549824,0.3930448990699155,0.3957863643953838,0.4579893928927676,0.45316011019980795,0.38552333679106476,0.4957494916839071,0.5039766501889904,0.6639893458327688,0.5362579686995207,0.5524923880112261,0.5274154072685913,0.5702599953751069,0.5719417700698202,0.5521936950404681
225,0.39060798958716514,0.3907968765309235,0.3946341851773403,0.45687312386760603,0.4505942165594798,0.38468824005052266,0.4940099162517691,0.5000657615333569,0.6639893458327688,0.5283031892946356,0.5501137376669502,0.5270832401002481,0.5703006276990155,0.5680039551485873,0.5539046035027153
226,0.389766042250758,0.3901679054043502,0.3930409510066699,0.46228633327564456,0.4577198874137408,0.3877588920371233,0.4985639885759392,0.5052028613913311,0.6639893458327688,0.536984834442765,0.5581774622198881,0.5282775956554016,0.5744279922088139,0.5760085547507982,0.558261917796416
227,0.3853712497275424,0.38369472959632994,0.38822822460934486,0.45695997711990494,0.4501722273886589,0.385715624701912,0.4916690925874444,0.4962944703682708,0.6639893458327688,0.528363946317657,0.551843149247605,0.5210197869965271,0.5676782753842758,0.5696306591271743,0.5562393613903956
228,0.3834515074532999,0.3873256033996972,0.3913004263378828,0.46741427434221505,0.4589673938409948,0.38873587922581826,0.49375379183494666,0.5023630750889447,0.6639893458327688,0.5369427242453177,0.5544521836233888,0.5241017732607354,0.5732698321466634,0.5754034172449518,0.5609490260311731
229,0.37999511283721593,0.3790100619336754,0.3865924901792462,0.45936737769964825,0.4544119420092145,0.38470874724028375,0.4909958174399847,0.5001582762678481,0.6639893458327688,0.5286433387955758,0.5588796336364845,0.5176315863465146,0.571820891992185,0.5779079096018559,0.5516168201521577
230,0.3751701487429113,0.37862687293072667,0.38438060629385956,0.4592563841627094,0.4533505152294924,0.38569649003434575,0.49746367639311645,0.5026422182423617,0.6639893458327688,0.532622335973129,0.5550919307428939,0.5208544541038611,0.5686808725992227,0.5768825339295922,0.5558450464652355
231,0.37505055585064057,0.3755140087070997,0.38364406981300125,0.45920144132808827,0.4558915675097144,0.3865100988717195,0.493017506443326,0.5019377237056378,0.6639893458327688,0.5278217529402335,0.5571068733779365,0.5230495743090128,0.5687562125252421,0.5735559991978166,0.5584955803587679
232,0.37313367503441647,0.3747633870923619,0.38354559958503676,0.45873418917705205,0.4583271563034766,0.38231923475822616,0.4936862006089498,0.5004591157179686,0.6639893458327688,0.5284660661494763,0.5565006159202157,0.5212665466094255,0.5745121473664155,0.5700486367417222,0.5574495172747665
233,0.3713506716416451,0.37270726372211893,0.3837528705246764,0.4612940385105468,0.4572591537265242,0.3903060193796237,0.4967990970411052,0.5033316360441522,0.6639893458327688,0.5307179446733821,0.5576439294801642,0.5186744703436409,0.575084165109064,0.5758039691480471,0.5624036545000664
234,0.37197350391920475,0.37093869166027665,0.3799312475576299,0.4590229733930805,0.45462900747036433,0.3838381760269725,0.49569845360354936,0.5010072318500268,0.6639893458327688,0.5263807113241178,0.5560068661994009,0.5185643140967106,0.5698577971594591,0.5762717924265539,0.5578104678906518
235,0.36807142081090655,0.37020084125158637,0.38000902455619334,0.46272345346986155,0.4554406137758904,0.3862219155525308,0.49512193876515886,0.5045396090019892,0.6639893458327688,0.528331658318875,0.5591741091276974,0.525513591266354,0.5783342562166058,0.579197723589299,0.5594765220582484
236,0.36763895284915676,0.3693993858133595,0.3793496934463814,0.461311305211016,0.46023322931534505,0.38759273113999676,0.4939637694303446,0.4980466182524311,0.6639893458327688,0.5261179237055068,0.5574271159895349,0.5274468225438267,0.5812077482862308,0.5759974158302478,0.5649151175476397
237,0.3659166851663734,0.36360167252791475,0.3774115106301778,0.45723315373023976,0.4563516773315615,0.38634624008856233,0.49229412901061476,0.4986810248712118,0.6639893458327688,0.5304342816187186,0.554909234661727,0.5176853901955375,0.5708890941856422,0.5782205759746664,0.5598600687383033
238,0.3628665919794492,0.36647792795878564,0.3791956753830484,0.46463820739115136,0.46144754328344306,0.38734603917419397,0.497232129424652,0.5001173615852996,0.6639893458327688,0.5324577469738736,0.5603128560547586,0.5256337790305103,0.5786305928779347,0.5885808170973075,0.5628716649426145
239,0.3572829695607527,0.3618770463352,0.3725102182554035,0.4577729974244416,0.4564918573618809,0.38571733668644737,0.49271289222669007,0.49834201881932255,0.6639893458327688,0.5276308795545236,0.5581862959557651,0.5187096130312515,0.5673608747473171,0.5754948282029586,0.5657947663650115
240,0.36216929985478463,0.36212331594164926,0.37747189046175816,0.4627376062880554,0.4640835124753673,0.3877681530030325,0.49853968778489816,0.5010137215004378,0.6639893458327688,0.5360680847414758,0.564936760692568,0.5247743943248795,0.576979792409949,0.5862302071080249,0.5639732528573902
241,0.3574162916359549,0.36568885206270874,0.37834952787397585,0.4655373361035844,0.46306437488671653,0.39367456062408046,0.4979187924830549,0.5080131792712381,0.6639893458327688,0.5303274311500632,0.5663521817722723,0.5199942358495506,0.5764893710129618,0.5831903116792798,0.5711373283335013
242,0.3596348964694791,0.35995022486040207,0.37649793575300233,0.4648458547967657,0.4618223743642655,0.38970223347043104,0.49601190011298746,0.5028721092437262,0.6639893458327688,0.5323719160860912,0.5624351153330004,0.522624764600683,0.5801525657145175,0.5838580291953688,0.5654210228393385
243,0.35508944679617377,0.35759933710247127,0.37675622779915663,0.4680670100897847,0.4663568710893727,0.3891877902949215,0.4897199600626275,0.5004231361534018,0.6639893458327688,0.5331072136713061,0.5639433163740772,0.5235562487626478,0.58098199300932,0.5850529379052812,0.5638860443486502
244,0.35923165196069545,0.3620108946390136,0.37961406531639735,0.4669996474376084,0.4749024590605945,0.39304948799537504,0.5011984294890157,0.5084331139182291,0.6639893458327688,0.536443639717389,0.570311620031027,0.5315986384555026,0.5841795156156612,0.5901290497447776,0.5773187010060611
245,0.3520913075120266,0.35602340941440114,0.37243996942392893,0.46372411897765053,0.46132889066738436,0.3907260057404152,0.4875635827197286,0.5008151718232607,0.6639893458327688,0.5248453495592319,0.5646927888376082,0.5254578009808988,0.5699942295766954,0.5809482915078159,0.564442096089319
246,0.3475198386400928,0.35276609775106904,0.36979045483698825,0.4628336190898605,0.45884566082098205,0.389476642268771,0.4880161160253737,0.492632775933384,0.6639893458327688,0.5252543906961905,0.5601094058927585,0.522328903540971,0.5784378133506722,0.5815965072987757,0.5663960427306782
247,0.35338537545023374,0.3602717864349561,0.37812297641864323,0.47500481382134147,0.468841328599041,0.3958988853600342,0.492639723076984,0.49591766805004633,0.6639893458327688,0.5292954439413715,0.5735157459313791,0.5245963648314567,0.5794976369744974,0.5897713412556908,0.5775262372699025
248,0.3521575902386201,0.3542506779786199,0.3772946593136058,0.46827825102485415,0.46705850722500136,0.3965642300497987,0.49227994914746076,0.49206243010016304,0.6639893458327688,0.5282407812834106,0.5705917829218222,0.5297484913824644,0.583124831040568,0.588067940364286,0.5774750134909118
249,0.35117022730034797,0.35318440894286035,0.37407222898541315,0.4703792354663689,0.47061959810613174,0.397042006911904,0.4924808916292428,0.5053459959147122,0.6639893458327688,0.5317315086667418,0.5723631579009698,0.5331233008017766,0.5832210382917673,0.5892399819398868,0.5719767810864879
250,0.3517221596616555,0.35481937709123235,0.3737484039640958,0.46656428644422504,0.46545314712108116,0.3943270123697142,0.4886404291656671,0.4975812421957517,0.6639893458327688,0.5262555852585197,0.5731450776167691,0.5298288433494566,0.5766536453054751,0.5847480481783702,0.5721258603360433
