fragment_length,combined,rep1,rep2
0,0.0,0.0,0.0
1,0.0,0.0,0.0
2,0.0,0.0,0.0
3,0.0,0.0,0.0
4,0.0,0.0,0.0
5,0.0,0.0,0.0
6,0.0,0.0,0.0
7,0.0,0.0,0.0
8,0.0,0.0,0.0
9,0.0,0.0,0.0
10,0.0,0.0,0.0
11,0.0,0.0,0.0
12,0.0,0.0,0.0
13,0.0,0.0,0.0
14,0.0,0.0,0.0
15,0.0,0.0,0.0
16,0.0,0.0,0.0
17,0.0,0.0,0.0
18,0.0,0.0,0.0
19,0.0,0.0,0.0
20,0.0,0.0,0.0
21,0.0,0.0,0.0
22,0.0,0.0,0.0
23,0.0,0.0,0.0
24,0.0,0.0,0.0
25,0.0,0.0,0.0
26,0.0,0.0,0.0
27,0.0013793650763414599,0.0012154370251705948,0.001543293127512325
28,0.0017433964004545147,0.001552371500612087,0.0019344213002969424
29,0.002141140591739956,0.0018621039266601379,0.0024201772568197737
30,0.0028475071300035713,0.0024197459392256908,0.003275268320781452
31,0.003954643383370437,0.0033390515630449553,0.004570235203695918
32,0.005172176217087914,0.0042979238041637715,0.006046428630012056
33,0.006920955851510358,0.005674100212113793,0.008167811490906923
34,0.009381267512205155,0.00761595560176834,0.011146579422641972
35,0.012510156686327193,0.010196440923773458,0.014823872448880927
36,0.016563743534606663,0.013520036776935775,0.019607450292277548
37,0.021726502728818937,0.017732026834152086,0.02572097862348579
38,0.0279207524509216,0.02324538766348645,0.032596117238356745
39,0.03600931897909165,0.030313592907014124,0.04170504505116918
40,0.04559601413877344,0.03860650860164198,0.052585519675904906
41,0.05613227794800031,0.04842521197588378,0.06383934392011685
42,0.06904471271053383,0.060071398486648615,0.07801802693441905
43,0.0822529503405928,0.07240381851620255,0.09210208216498303
44,0.09655434993882031,0.08572107637947812,0.10738762349816251
45,0.11214648329065972,0.10015794586665194,0.1241350207146675
46,0.12904153091320186,0.11617006130506415,0.1419130005213396
47,0.14788989951470952,0.1335132224785691,0.16226657655084994
48,0.16808727526909453,0.15232653077611047,0.1838480197620786
49,0.18773065292064361,0.17092593204887616,0.20453537379241105
50,0.20765604570601234,0.18980662724150585,0.22550546417051884
51,0.2291398907327235,0.20972470968145812,0.2485550717839889
52,0.2507307173650631,0.2291995223619764,0.2722619123681498
53,0.26964397994265943,0.2469890444368919,0.2922989154484269
54,0.29094796699038294,0.265882722425823,0.3160132115549429
55,0.31195224304560454,0.2852425446248144,0.3386619414663946
56,0.33272662096039796,0.30332819810108125,0.36212504381971466
57,0.3554941070331259,0.32429665058465756,0.3866915634815943
58,0.3779138927482667,0.3447216803087604,0.4111061051877731
59,0.3973697803644483,0.3638138096125845,0.4309257511163121
60,0.41920798633640666,0.38373807433648993,0.45467789833632344
61,0.4377299300596772,0.4011418218927348,0.4743180382266196
62,0.4543332399408262,0.4166593546149026,0.4920071252667498
63,0.47040210504920044,0.43046624936726013,0.5103379607311408
64,0.486722573839643,0.44693214444782653,0.5265130032314596
65,0.500136775236738,0.4589733789031916,0.5413001715702844
66,0.5150443873443671,0.4727351429826918,0.5573536317060425
67,0.5313248356052689,0.4870879334081041,0.5755617378024337
68,0.5438338039629816,0.498718045980591,0.5889495619453723
69,0.5573943663029639,0.5114442774979545,0.6033444551079734
70,0.570798910439887,0.5251448369663195,0.6164529839134544
71,0.5799328398244077,0.5336442409449794,0.6262214387038361
72,0.5882267666392836,0.5433059143068136,0.6331476189717536
73,0.5911948604016616,0.5477274837900384,0.6346622370132847
74,0.589834025130229,0.54816580772231,0.631502242538148
75,0.5913234888765302,0.5512278929642581,0.6314190847888023
76,0.5942149081851325,0.5547981619471474,0.6336316544231176
77,0.5901550788938867,0.5527685181253594,0.6275416396624142
78,0.5901613074058875,0.5552395770213955,0.6250830377903794
79,0.589326790041707,0.5572352182814416,0.6214183618019722
80,0.5876162375969916,0.5574231597136144,0.6178093154803687
81,0.5893649138175799,0.5601520198504929,0.618577807784667
82,0.5930088102088781,0.564746075056008,0.6212715453617481
83,0.5941985519016284,0.5661098868960519,0.6222872169072049
84,0.5996931005317241,0.5708059497867924,0.6285802512766558
85,0.6088990455792339,0.5794333270432805,0.6383647641151873
86,0.61349001708577,0.5836768467486574,0.6433031874228827
87,0.6241414674729346,0.5917570918753002,0.6565258430705692
88,0.639299301407249,0.6051590470287326,0.6734395557857655
89,0.6563526007509243,0.6186018052562552,0.6941033962455934
90,0.6798341525230678,0.6398175490979537,0.7198507559481819
91,0.700872343286534,0.6577288621667444,0.7440158244063236
92,0.7121325824120334,0.6688773748192883,0.7553877900047784
93,0.7197283157231816,0.675773712568921,0.7636829188774422
94,0.7190853539487745,0.6763981232481796,0.7617725846493695
95,0.7237123490907962,0.6797112092186217,0.7677134889629705
96,0.7310877032411298,0.6852239518195608,0.7769514546626988
97,0.7358543178158816,0.6895509323583039,0.7821577032734593
98,0.7388230065424939,0.6924986453471205,0.7851473677378672
99,0.7495843440265941,0.7020867495299133,0.7970819385232748
100,0.7627363649559207,0.7147041728497031,0.8107685570621382
101,0.7720363442505134,0.7212382287596869,0.8228344597413398
102,0.7792544777364154,0.7284609911020409,0.83004796437079
103,0.7829611275390624,0.7325623182764975,0.8333599368016275
104,0.7838029837798294,0.7326958556098835,0.8349101119497753
105,0.7907696030665317,0.7396719448225106,0.8418672613105527
106,0.7976528802232814,0.7441775933674971,0.8511281670790658
107,0.799291805313849,0.747146326121754,0.851437284505944
108,0.8093481546840511,0.7553508351558532,0.8633454742122488
109,0.8208846209541595,0.7662718397589248,0.8754974021493942
110,0.8312652693711655,0.7751576364846505,0.8873729022576804
111,0.8464583994113166,0.788790190829532,0.9041266079931012
112,0.8681289492558935,0.8082334738618896,0.9280244246498973
113,0.8864770335335885,0.8255475783008152,0.947406488766362
114,0.904208004939435,0.8420524217702858,0.9663635881085842
115,0.919184246015605,0.8580602096099309,0.9803082824212792
116,0.92361663459423,0.8629534873587739,0.9842797818296861
117,0.9303283773935088,0.8704223046024595,0.9902344501845581
118,0.9383501495344233,0.8795362276060531,0.9971640714627934
119,0.9429197468340971,0.8827528699468276,1.0030866237213665
120,0.9580445352866329,0.8975322379650006,1.0185568326082652
121,0.9825287335819335,0.9186812131400061,1.046376254023861
122,1.0110013615482418,0.9434690806497797,1.078533642446704
123,1.0500146712619602,0.9783563272252639,1.1216730152986567
124,1.0973680156620345,1.0213578214891326,1.1733782098349363
125,1.139040501351922,1.0597763886586018,1.2183046140452423
126,1.185113923192996,1.1013071175700386,1.2689207288159532
127,1.2283210928833925,1.14131885931421,1.315323326452575
128,1.2645312113573677,1.1745041231174183,1.354558299597317
129,1.3081560802526446,1.215480301158266,1.4008318593470233
130,1.3531431504978495,1.256238244575571,1.4500480564201281
131,1.3907552834083177,1.2918358355772612,1.4896747312393743
132,1.4400762571935266,1.3357077954217202,1.544444718965333
133,1.4969788389352243,1.3890027924674253,1.6049548854030236
134,1.5437103596309891,1.4338472255776997,1.6535734936842785
135,1.5968326896261948,1.486531412968843,1.707133966283547
136,1.6427188827624728,1.531225616579058,1.7542121489458877
137,1.6714805502396373,1.5631874063879567,1.7797736940913176
138,1.7048481105415143,1.597316086722401,1.8123801343606276
139,1.7343997157056257,1.6275480734812349,1.8412513579300165
140,1.7437194545474684,1.6400981099059362,1.8473407991890005
141,1.7647367409064418,1.6590486649072356,1.870424816905648
142,1.7913752482847287,1.683755544497224,1.8989949520722336
143,1.8196209198272546,1.7118373328971854,1.9274045067573238
144,1.8818002460808279,1.7703075198399927,1.9932929723216628
145,1.9536899527704656,1.8389599284534817,2.0684199770874496
146,2.021961638681301,1.908109392696796,2.1358138846658052
147,2.112310689996305,1.992783808403022,2.2318375715895877
148,2.2075619205104013,2.0841456006612673,2.3309782403595354
149,2.288407486688053,2.1640244187051088,2.412790554670997
150,2.378670900438647,2.2497955715846065,2.507546229292687
151,2.4813855057584773,2.3514657041061757,2.611305307410779
152,2.5660251666035023,2.433542942323723,2.698507390883281
153,2.6631014226301204,2.5276039197558724,2.798598925504368
154,2.785495063380033,2.650888553434112,2.920101573325954
155,2.899270011311124,2.7658308131460996,3.032709209476148
156,3.0367414612594996,2.9096591764003406,3.1638237461186587
157,3.1778800644269456,3.0576067954525024,3.2981533334013893
158,3.2800935438515335,3.1709330061391614,3.389254081563906
159,3.378536432619576,3.2823538369114886,3.474719028327663
160,3.4635325077707426,3.380863585876256,3.5462014296652296
161,3.4845226454164737,3.4179857281007697,3.5510595627321777
162,3.5156175600460857,3.4607906257349312,3.57044449435724
163,3.555014061083921,3.513714685743453,3.5963134364243894
164,3.564964875056802,3.5421569012978775,3.587772848815726
165,3.5829490785726748,3.5753254729344124,3.5905726842109376
166,3.584963101575741,3.600752588604932,3.56917361454655
167,3.531630227665911,3.5659580762887435,3.4973023790430777
168,3.475229665934351,3.526913861983225,3.423545469885476
169,3.389707522682561,3.4496204750885515,3.3297945702765697
170,3.26024737046448,3.3280767725714924,3.1924179683574683
171,3.1461095178085405,3.2165941189596343,3.0756249166574468
172,3.0304570730728724,3.0986039932587905,2.962310152886954
173,2.907037728056426,2.9776024770444143,2.836472979068438
174,2.8199096545522346,2.8933614394432974,2.7464578696611723
175,2.752787258688808,2.8327651650490346,2.6728093523285805
176,2.6538863310200584,2.738416711413068,2.569355950627049
177,2.599767188477714,2.693095005981618,2.5064393709738098
178,2.5395041925587414,2.641623782702064,2.437384602415418
179,2.4412251739618807,2.5481933982331264,2.3342569496906345
180,2.3630177241268786,2.472080209345091,2.2539552389086666
181,2.2808472311246075,2.392681136536007,2.169013325713208
182,2.179543546279359,2.2925200995273785,2.0665669930313393
183,2.0960189960956317,2.2087526248770657,1.9832853673141972
184,2.0155331820127422,2.1263100136778923,1.9047563503475917
185,1.9245415337367016,2.037196718093373,1.8118863493800301
186,1.8611024521950197,1.9740558156240327,1.7481490887660067
187,1.8011278060185845,1.9147967692488155,1.6874588427883535
188,1.7289761149575895,1.8447521102890987,1.6132001196260801
189,1.680307518168017,1.7973927240667216,1.5632223122693123
190,1.6241793745627726,1.742605323674749,1.505753425450796
191,1.557623533420173,1.6742465735490304,1.4410004932913156
192,1.5017778193769085,1.6173658518105534,1.3861897869432636
193,1.4478371143158764,1.5622959210419263,1.3333783075898265
194,1.3895719390413594,1.5019549749749244,1.2771889031077945
195,1.3437296558537601,1.4565324983150394,1.230926813392481
196,1.3025719394131203,1.414960348101117,1.1901835307251236
197,1.252543384622128,1.3640127642723867,1.1410740049718693
198,1.2144526226993904,1.3248943625594318,1.1040108828393491
199,1.178534873097347,1.2885270772055863,1.0685426689891078
200,1.1358043525673414,1.243166423385232,1.0284422817494507
201,1.0978518565022255,1.2046439938453515,0.9910597191590993
202,1.0643920966035154,1.170519022881279,0.958265170325752
203,1.0284537731736916,1.133717741193929,0.9231898051534541
204,0.9952296288835893,1.0975291238463267,0.8929301339208519
205,0.9681904209083405,1.0698782406378935,0.8665026011787874
206,0.9380101167484922,1.0383343732242214,0.8376858602727629
207,0.9122726108506217,1.0112343315160053,0.8133108901852382
208,0.8865119948083924,0.9844149654992577,0.788609024117527
209,0.8617497680245504,0.9581087290506137,0.765390806998487
210,0.8425716684135459,0.9378413475673139,0.747301989259778
211,0.8213854953283026,0.9161878980217391,0.7265830926348662
212,0.7971231671043851,0.8902012856534681,0.7040450485553021
213,0.7778696271532346,0.8699728525590724,0.6857664017473969
214,0.7638065102882369,0.8548559318370625,0.6727570887394112
215,0.7451590273467044,0.8361854342988367,0.6541326203945719
216,0.7275122837141608,0.8170704305443863,0.6379541368839353
217,0.7137573000036604,0.8026397433411655,0.6248748566661554
218,0.6947347547102819,0.7819321832404081,0.6075373261801557
219,0.6805644096423906,0.7662687486169482,0.5948600706678331
220,0.6658130122920226,0.7509039183084208,0.5807221062756244
221,0.6502794787861124,0.7344880997278741,0.5660708578443507
222,0.6365241659559959,0.7203733272346545,0.5526750046773373
223,0.6236044062921173,0.7064477326303983,0.5407610799538364
224,0.6108895115052532,0.6924621698717975,0.5293168531387088
225,0.6024207168517126,0.6840623006647818,0.5207791330386434
226,0.5920122718198355,0.6731159486975028,0.5109085949421682
227,0.5798357893907047,0.661370845643489,0.4983007331379204
228,0.5706036956990823,0.6506254179046843,0.49058197349348026
229,0.5610276313406959,0.6407238719254715,0.48133139075592035
230,0.5484085582828464,0.6274134145745444,0.4694037019911484
231,0.5392369574053225,0.6171353675025906,0.46133854730805446
232,0.5314852251532267,0.6102705594011184,0.4526998909053349
233,0.5215065844932102,0.599029930717674,0.4439832382687464
234,0.5165202797630688,0.5940439187095352,0.4389966408166023
235,0.5082885989337718,0.5851834693480169,0.43139372851952656
236,0.5006246724610339,0.5773690624313556,0.42388028249071236
237,0.49213217707018886,0.5672517547421811,0.4170125993981965
238,0.48688063573978485,0.5622818166723204,0.41147945480724935
239,0.4803628966093627,0.5558955173488146,0.4048302758699108
240,0.4723643246519488,0.5462814475734189,0.3984472017304786
241,0.46869161120709457,0.5425158184176132,0.394867403996576
242,0.462764718915333,0.5363236428102334,0.3892057950204326
243,0.45848943155441924,0.5313975989564392,0.38558126415239924
244,0.45814889188050534,0.5311948200427791,0.38510296371823155
245,0.45354502747405134,0.5270625814485571,0.3800274734995456
246,0.4496732141775067,0.5228821210395014,0.37646430731551206
247,0.4465487005580529,0.5196932989765156,0.3734041021395902
248,0.4426427880446576,0.5160525519565616,0.36923302413275366
249,0.4389984034749427,0.5106047233371297,0.36739208361275566
250,0.4383004707159964,0.5107320783865625,0.36586886304543026
