time,27,28,29,30,31,32,33,34,35,36,37,38,39,40,41,42,43,44,45,46,47,48,49,50,51,52,53,54,55,56,57,58,59,60,61,62,63,64,65,66,67,68,69,70,71,72,73,74,75,76,77,78,79,80,81,82,83,84,85,86,87,88,89,90,91,92,93,94,95,96,97,98,99,100,101,102,103,104,105,106,107,108,109,110,111,112,113,114,115,116,117,118,119,120,121,122,123,124,125,126,127,128,129,130,131,132,133,134,135,136,137,138,139,140,141,142,143,144,145,146,147,148,149,150,151,152,153,154,155,156,157,158,159,160,161,162,163,164,165,166,167,168,169,170,171,172,173,174,175,176,177,178,179,180,181,182,183,184,185,186,187,188,189,190,191,192,193,194,195,196,197,198,199,200,201,202,203,204,205,206,207,208,209,210,211,212,213,214,215,216,217,218,219,220,221,222,223,224,225,226,227,228,229,230,231,232,233,234,235,236,237,238,239,240,241,242,243,244,245,246,247,248,249,250
0,0.890625,0.9193548387096774,0.9473684210526315,0.9130434782608695,1.0,1.0,1.0,1.0,1.0,1.0,1.0,1.0,1.0,1.0,1.0,1.0,1.0,1.0,1.0,1.0,1.0,1.0,1.0,1.0,1.0,1.0,1.0,1.0,1.0,1.0,1.0,1.0,1.0,1.0,1.0,1.0,1.0,1.0,1.0,1.0,1.0,1.0,1.0,1.0,1.0,1.0,1.0,1.0,1.0,1.0,1.0,1.0,1.0,1.0,1.0,1.0,1.0,1.0,1.0,1.0,1.0,1.0,1.0,1.0,1.0,1.0,1.0,1.0,1.0,1.0,1.0,1.0,1.0,1.0,0.9939339988554715,1.0,1.0,1.0,1.0,0.9999631127887961,0.9988585455661245,1.0,1.0,1.0,1.0,1.0,1.0,1.0,1.0,1.0,1.0,1.0,1.0,1.0,1.0,1.0,1.0,1.0,1.0,1.0,1.0,1.0,1.0,1.0,1.0,1.0,1.0,1.0,1.0,1.0,1.0,1.0,1.0,1.0,1.0,1.0,1.0,1.0,1.0,1.0,1.0,1.0,1.0,1.0,1.0,1.0,1.0,1.0,1.0,1.0,1.0,1.0,1.0,1.0,1.0,1.0,1.0,1.0,1.0,1.0,1.0,1.0,1.0,1.0,0.9978196174510496,0.9909638037756554,0.9813048427558496,0.9778121096574847,0.9637409463624125,0.9490674975942812,0.9534730652204758,0.9429356142979107,0.9303332650612985,0.9288474436919881,0.9175833233091416,0.9024535735424681,0.8976524649358257,0.8920418728625532,0.8808920556785043,0.8735281430237574,0.868941386177833,0.8525077611005099,0.8445678676295991,0.8347561084279375,0.8241014043541758,0.8152020848864846,0.8109621686029193,0.8036543673980849,0.7982545159326162,0.7925178121703941,0.7725116738108916,0.7555534013884435,0.7584798188481919,0.7451722923205022,0.7393565834881869,0.7359325032319521,0.73621358883799,0.7184291375395164,0.708204795150728,0.7080945123376563,0.7011597384622728,0.6891377053947942,0.6787389827846809,0.6778859246558071,0.6660341947326087,0.6578872840555083,0.6542733806784709,0.6442076685232867,0.6418714679984229,0.6354845208515211,0.6348268076560887,0.6151810758940232,0.6118169383070966,0.6114078801132901,0.5968817992763467,0.5981674261228219,0.5905812950719276,0.5881423327895595,0.5882744836775483,0.5870064703552093,0.5803877007156095,0.5774964762008024,0.5722909790979098,0.5650243503114898,0.564844237643988,0.561957322623055,0.5592720334629779,0.5602100489318534,0.5543333234500548,0.5536820058280719,0.5510881875784382,0.5464946000366099,0.5380853951996051,0.5454444444444444,0.5382861846791939,0.541627510631859,0.5347818440532719,0.5410202049404131,0.5302665015964032,0.5233816488489539,0.5322154303651082,0.5303663265815621,0.5288793103448276,0.5297105471180853
10,0.6063829787234043,0.6333333333333333,0.6923076923076923,0.5060240963855421,0.4576271186440678,0.3673469387755102,0.35671342685370744,0.2545931758530184,0.2841796875,0.2308228730822873,0.2411825726141079,0.2514804579549941,0.25806451612903225,0.24459272894615738,0.26669153301007087,0.2789761288467069,0.2992936669460074,0.32733224222585927,0.33281452658884564,0.3539546973635351,0.38905142708536505,0.4031780385009682,0.42880275275781804,0.453781512605042,0.4821952411994785,0.49508826353497304,0.51592593846258,0.5314732902347737,0.559150599120715,0.5846279863481229,0.5995594603389152,0.6185419596812002,0.629181637617443,0.6382737081203862,0.6554459432252869,0.6720156783607575,0.6715012487281472,0.692232957305554,0.70520451902886,0.7061524488697524,0.7202987654723658,0.7195192215358023,0.7313175892451915,0.7398253169163583,0.7461930442275408,0.7452626668998892,0.7549537176130592,0.7585634093252377,0.763953156241074,0.7769194319601396,0.7823321554770318,0.7869192239046577,0.7816650750933241,0.7877561088861803,0.7969370557631714,0.7924046110935546,0.8096436343852013,0.7999226861055887,0.8141779042434739,0.8134111586101064,0.8203212299904412,0.8249131712530056,0.825455602456841,0.8259173948545452,0.8397727677881701,0.8399157884832518,0.8393690629764278,0.841536600547276,0.8512767345417268,0.8494242289897578,0.8485632544196596,0.8465201590393839,0.8538176393975487,0.8590870490664255,0.8576915479665518,0.870535522413719,0.8602664334396365,0.8590808651680619,0.853143653639488,0.8625550193562073,0.8567337958332895,0.8623831190515946,0.8683528020416208,0.868093681245245,0.8651731942928742,0.8758811706946374,0.8732617651951814,0.8709646221396933,0.8698087919081275,0.8702330662078166,0.881888850214642,0.8631841033321568,0.8724103130474522,0.8745875211557917,0.8749312937274667,0.8801328747709445,0.8817769958214207,0.8841300386573798,0.8790879457431173,0.8805590447267582,0.8783129053325436,0.8810842926104716,0.8831941060447848,0.8834841947945746,0.8936078697986763,0.8879091507393926,0.8943891160721856,0.8876643157406053,0.8927378318241262,0.8909374487944313,0.8959319508854554,0.89854348433755,0.89175888876521,0.8949323053779616,0.8975461013503703,0.8981991598374768,0.9018063235502622,0.9042202015667683,0.9090405816509989,0.9100915193430527,0.9011835231982113,0.9156686994491221,0.9125386144198693,0.922963360051735,0.9203468588781969,0.9233317153674401,0.9290480998885904,0.9289173499823603,0.9318384181600466,0.9349808412903562,0.939381261766423,0.941108241583979,0.9489850616149478,0.9497312723221976,0.9497788423472047,0.9501574760966229,0.9564335580331825,0.9546258727403629,0.9597842848067435,0.9651000491628193,0.9607411153878026,0.9627552842719044,0.9658596941057214,0.9655119074872696,0.95966691105142,0.957288571305526,0.9464178164460031,0.9469545840407471,0.9349345747991552,0.928191032468648,0.9228336664784778,0.9167886984236369,0.9070650756390193,0.9002763925529194,0.8902942460566187,0.8787394413126092,0.8692494397068807,0.8699716329909284,0.8583326195718439,0.8531903937081597,0.8445525759965778,0.8328204557469185,0.8246101127534691,0.8178103957025044,0.8102707647939121,0.7980152071806835,0.7911091594771917,0.7823997029709535,0.7772992128667325,0.7764671146978601,0.7589123561035259,0.7451627848827376,0.7433083715893666,0.7319115808346505,0.7239695871850276,0.7195675675675676,0.716562433524782,0.7033530365643145,0.6978064951917095,0.6911500305737832,0.6839062267242664,0.6776545951974682,0.6680771311538759,0.669545726240287,0.6574578324290761,0.6480111581774977,0.6494109891979246,0.6419599338672621,0.6342651212622967,0.627443613177001,0.6286712658142514,0.6158804870561752,0.611370454887697,0.609339828257685,0.6032999611197511,0.5964659524689078,0.5932058701683468,0.5919445869676757,0.588558956530831,0.5876116956590705,0.5778627804864909,0.5833310516660735,0.5708074448970635,0.5702303437653155,0.5655422200127832,0.5644117476348018,0.5613151266074506,0.5586515717282317,0.5575403334029165,0.5563333028334401,0.5476016668187487,0.5519334463102757,0.5450042965393329,0.5453751904520061,0.5507450599287333,0.5421024104068358,0.5385618599858312,0.545205878544607,0.5361884368308352,0.5312827682628452,0.5425866976571843,0.5335186177337262,0.5319127651060425,0.534375106043639
20,1.0,1.0,1.0,1.0,0.7659574468085106,0.8727272727272727,0.717741935483871,0.5012919896640827,0.5205724508050089,0.4211195928753181,0.41186891054030117,0.41123305358295675,0.414985590778098,0.3657949070887818,0.3755252100840336,0.36234590960029883,0.38586201574317025,0.40603984265956095,0.3962322421247684,0.4323294629898404,0.4597418561770129,0.46532570827581676,0.49161687068515403,0.5139417635559214,0.5447139503843145,0.5560579036874196,0.5789053894944738,0.5932601339686486,0.6191021602876141,0.6383828746906771,0.6602624179943768,0.685697209084767,0.702366716492277,0.7085522168522799,0.7141979641979642,0.7441555651052858,0.753586480370378,0.7686084142394822,0.7793333589045299,0.7731332289844397,0.7927772692190332,0.7864565110908963,0.8049923340626023,0.8129905187209437,0.8177762581611553,0.8149446906181261,0.8310340483164824,0.8280756604658434,0.8375923838156082,0.8478860438148369,0.8410680228862047,0.8527709753396453,0.8366215504692291,0.8488757544485098,0.8607813340931396,0.8519514284870151,0.8628062037976518,0.8527234462154326,0.8795907153570846,0.8681397423336209,0.8786519770426556,0.8804499700590265,0.8845476706392199,0.8778254167692129,0.8932219244577034,0.9070160286534407,0.9078950706547936,0.9122690872980509,0.9102085045960691,0.9054150662191472,0.9065525261504366,0.9104108212749795,0.907553778072272,0.9243841078463948,0.9210879864237396,0.9273622159903852,0.9207305936073059,0.9229390885538524,0.9208797519237395,0.9314626045126561,0.9219875832691349,0.9275676282411045,0.9271496771192167,0.9270226057551904,0.9255824009513,0.9289964047470066,0.9341833903876553,0.9270266097071388,0.9225411889835449,0.9132066667342943,0.9210449253264129,0.912119593157465,0.9149832742523342,0.9135974399241459,0.9069277864688955,0.9251015218793882,0.9184503738454772,0.9218299168138921,0.9228866228202498,0.9147005144891033,0.9229823875380061,0.9211596993602087,0.9243987036741881,0.9217778889223958,0.9243830150631158,0.9144447902617837,0.9230199702499142,0.912114122905612,0.9148982119604916,0.9137056469431323,0.9143599835696725,0.9095243541968925,0.9018449616077353,0.9046552656120989,0.8977651002422545,0.8962549390139152,0.89879377783807,0.9008175219105689,0.9092323350577713,0.9119033798714854,0.9105693432078568,0.9260851741775595,0.9305155500833562,0.9392797918263257,0.9333388303683701,0.9440961482722613,0.9526897168337033,0.9521426588548135,0.9529702365792476,0.953778763736355,0.9636456224858438,0.962714168739475,0.9631344532791295,0.9597724160341666,0.9658298385041358,0.9615691914349632,0.9658557778298121,0.9598570149915404,0.9561344570614492,0.9591730714688876,0.9554663233785462,0.9590540931443448,0.952308022446742,0.9544363334994939,0.9454614845982551,0.9400669501257348,0.929844256142178,0.928121002437105,0.9119225168003088,0.9039520487659395,0.9014215183977643,0.8901840467473415,0.8787829733133812,0.8741539539164501,0.862806704453577,0.8493458903811505,0.8400519454842029,0.8333194228058461,0.8285919952529875,0.8187249802837149,0.8124315232319491,0.7950130410993833,0.7936617648659533,0.782898658925915,0.7745133809383162,0.7685242474665257,0.7616714643654292,0.7590583089441353,0.7514378891194782,0.7512140049240312,0.7327223064402327,0.7226969273344555,0.7178586420980535,0.7112128251367791,0.7038054851421035,0.6982118649538441,0.699144064489884,0.6875580592651934,0.6815127946946287,0.6726652573235509,0.6699285903200212,0.6607796843338105,0.6582584526347852,0.655218133073361,0.6456604754383509,0.6434572967427545,0.6433574535764317,0.6334590448747829,0.6344848491409641,0.6265711731794255,0.6296050410712276,0.6165464023127176,0.6138020863618919,0.6162537189385818,0.606535149331216,0.6017042843123859,0.6008239347972586,0.5960733660552828,0.5943381285469183,0.591938640993888,0.5846904427697298,0.5893173268422217,0.5822269477748709,0.5788957438944645,0.5777864844078766,0.5776381834922332,0.5779503435305537,0.5721947949046139,0.5723119308180914,0.5713189463463526,0.5683999494853823,0.5710869877098178,0.5610183666248513,0.5684908844257685,0.5698126487247377,0.5670240616297877,0.5674130619168787,0.5717171031416012,0.5609125684943309,0.5569222716566344,0.5694714512992752,0.5682239657631954,0.5633708301693539,0.5628831340589423
30,0.5480769230769231,0.5135135135135135,0.5333333333333333,0.3605150214592275,0.3724137931034483,0.4022346368715084,0.35177865612648224,0.2625169147496617,0.3082627118644068,0.25094768764215314,0.2660183066361556,0.2883657763693979,0.30326430326430326,0.2804749340369393,0.2982895285773884,0.3177723177723178,0.3451131971286582,0.3617863199547767,0.3703810623556582,0.39565000830151087,0.4347889268328126,0.43517550869859223,0.466938505620454,0.4889389193422083,0.5264211369095276,0.5257048743186542,0.5435418301119749,0.564955775490744,0.582308405901188,0.6071742520913087,0.6180621855244485,0.6359539188277258,0.6503725576137858,0.6580368177974371,0.6607806125555623,0.6813764067049658,0.683397974168769,0.6988593017764376,0.7122999526722642,0.7032545518500528,0.7207807043310813,0.7112323999367188,0.7284901395276328,0.7399150743099787,0.7371039462291425,0.7432043492165015,0.7527245235649892,0.7550386270988341,0.762265764161026,0.7733548682179406,0.7784810126582279,0.7858107913875874,0.7736724523113937,0.7890957717408683,0.7905992846965776,0.7963106152656578,0.8042288725258394,0.7901914789154983,0.8050371739632746,0.8019398065596801,0.8110939538350949,0.8047671175749993,0.8013913768987264,0.8084388084984552,0.8152784668458884,0.8202451098629728,0.8245452346117069,0.8220353566061329,0.8238669673055242,0.8260883985230062,0.8201537919182127,0.8182198583903185,0.82444938892651,0.8255367854341974,0.8210736421893056,0.8290254584151932,0.8160011331100837,0.8202769183952934,0.8151457850433085,0.809044876195024,0.7994695220786876,0.7980087683720571,0.7986946689439987,0.7911548371984071,0.7882763446205969,0.7909773892942281,0.7891823053929286,0.7807127809901951,0.7690478017340597,0.7631137257561372,0.7669256381798002,0.7469765138069097,0.7528633637334647,0.7424629165863995,0.7433768413053975,0.7476516551517893,0.7330140041683425,0.730222581666022,0.7202295262825084,0.7132590636872947,0.7157320197532087,0.7105220604528876,0.7115623922835593,0.7009760326649327,0.7015680571668219,0.6951549725281947,0.694627217975798,0.683641083410883,0.6858937423511541,0.678774372228721,0.6774161314644405,0.6729200906835563,0.6658981840770991,0.6635095041628364,0.662245553889008,0.6605847271990579,0.6597145583537319,0.6603037414000568,0.6626860279195621,0.6631244932038404,0.6635254379211121,0.6749817502758679,0.6799498269555339,0.6879354357925447,0.6886454686211942,0.7021956441491325,0.7089036227475108,0.7090379421116911,0.7181709904637203,0.7263964590578564,0.7300934452443869,0.7388888493636033,0.7444846485147599,0.7479402188658768,0.7558991934935466,0.7571954691407681,0.7679646124892611,0.7696966833388458,0.7705129443694296,0.776468662694615,0.778575398295665,0.78081504613602,0.7827233037036679,0.782839899766473,0.7823353316855844,0.7801313132403918,0.7740793181197625,0.7736049145842484,0.7689321422547839,0.7645252977655281,0.7644270723067832,0.7616213068948805,0.7567644758763727,0.7549078222703646,0.7491016221721103,0.7411636924315559,0.741911032268562,0.7396887591937867,0.7351353450619441,0.7351227557523552,0.7311477534695541,0.7247238619140086,0.7250737111121055,0.7273739026006295,0.7214816333356711,0.7155593339783995,0.7148825918491201,0.7150119363555943,0.7135028619686591,0.7162895663508492,0.7079401719785634,0.7069103847629679,0.7088275290336187,0.698362796002281,0.695615185289251,0.7041838586554033,0.7067423085315295,0.6953928371331294,0.696352074076045,0.6998170292198791,0.6964333118434526,0.6977552242321925,0.6937252344886392,0.6980577482343165,0.6903229943780594,0.6903721478024457,0.6936372204998921,0.6982903587443946,0.6957017200242157,0.6912176474884956,0.700217750412975,0.6942240904256001,0.6935844196804037,0.6947582835415536,0.6874048232134452,0.6938392562989701,0.6942436530324401,0.6897541289888648,0.6880729739640631,0.6962255285826155,0.6882037791537006,0.7039484553114158,0.691829440611753,0.6916622789883995,0.691579532427832,0.6908758281380437,0.6947310847766637,0.6913107511045655,0.6968838526912181,0.6947570892608886,0.6886151963128,0.6997675645057327,0.6894282269699784,0.6969051675184554,0.7011216957400305,0.7000802915199802,0.704931506849315,0.7033240071825281,0.6983909032396481,0.6970497674317035,0.7153801740984189,0.7052496458923513,0.7084138298581041,0.7026683325152827
40,0.20955882352941177,0.16569767441860464,0.15157894736842106,0.14507772020725387,0.1258741258741259,0.1205020920502092,0.11166875784190715,0.08527472527472528,0.10199789695057834,0.08678552700576822,0.09288853375948862,0.10095087163232963,0.1110682607018897,0.11149569960142647,0.12531767592673737,0.13465676407302005,0.14961996528816807,0.16328196754770896,0.17612336414386381,0.1947770648575749,0.22319197344373579,0.23398558868248825,0.2498083839396262,0.2691561590688652,0.2967057761732852,0.3050562053429209,0.3281801739729567,0.3453876615675317,0.3708171354523973,0.38829247062237054,0.4022739486766089,0.42524697426310615,0.43915698308358514,0.44609731001028957,0.4637276547254469,0.47616625190766226,0.48559846954474306,0.5042859389745203,0.5124079491576717,0.5182693494630293,0.5285845929223663,0.5289556664156626,0.5437524727128861,0.5536768043576941,0.5611328343201877,0.5637666776932407,0.5824328649794153,0.5827887429313267,0.5913527974617774,0.6024875843484845,0.609287070214654,0.6129560284324058,0.6106821906968858,0.6217318109460713,0.630920060331825,0.6334380423082837,0.6437570972800519,0.6416034549581973,0.6571362002396485,0.6574307862679956,0.6655852313070075,0.6673979768286357,0.6725046848293899,0.668643256736357,0.6840831421296699,0.6892481420712286,0.6963573388336479,0.697327701979408,0.7014965490098202,0.6991821992664121,0.7015426078270621,0.7041726291449095,0.710536554637418,0.7138039733157393,0.7095596913300045,0.7162786996843808,0.7095190759784301,0.7166455455020782,0.7050366670770096,0.7106182936632763,0.7086493499708292,0.7034193345193609,0.703318124910724,0.7033519925363189,0.6993408532152804,0.7004822032610695,0.6966283363388682,0.6904281826196956,0.6816357989708249,0.6816928925169243,0.6792975557442245,0.6658988549056548,0.6708519719743171,0.6689931002560282,0.658648282826866,0.6604484183431552,0.6530415464098872,0.6498723212497497,0.642867007319431,0.639071758684953,0.6378280602875405,0.6356344932893997,0.6296905212437055,0.6295790214005828,0.6279157059359751,0.6197965497843615,0.6219031595368855,0.6103948922027376,0.6092317192839982,0.6044608042952844,0.6018457614875853,0.5976084901369006,0.5915888722201926,0.5916061966841214,0.5894592697700676,0.5868371915142516,0.5884109562681784,0.5903758721262724,0.5942312199291396,0.5980232402831575,0.6003724036084626,0.6138196571485031,0.6194260895056282,0.6271214858712149,0.631345568734191,0.6414949267131954,0.650058269740667,0.6542067802395269,0.6621151557314859,0.6688441438671995,0.674890427121138,0.6818068424024124,0.6879913736040826,0.6924711329933767,0.6992975024639839,0.7010864363970757,0.7076487427785988,0.709548689251217,0.7102799673599232,0.711071789160326,0.7152886513717748,0.7188715573653193,0.7224712536016628,0.7227593681465648,0.7217645911539285,0.7180913188904958,0.7127003379569157,0.7142841897159383,0.7068837011930733,0.7072734154233173,0.7069933952890292,0.7035954144567814,0.6980307786876249,0.6968225318460999,0.6941858505510803,0.6877799510140791,0.6854216010500612,0.6873357835919364,0.6853449836469182,0.6832695295739797,0.6792472304410652,0.6782593720542383,0.6810970113353478,0.6806213490656514,0.6784909795645027,0.673179022252156,0.6726478081349381,0.6747498427583052,0.676607028450751,0.6785560702306208,0.6681509227231321,0.6701654827572523,0.669899109302837,0.6724683544303798,0.6672231538599749,0.6707232940848171,0.6797755983371675,0.67134892235999,0.6725227848968683,0.6751479922972684,0.6743319288002717,0.6761527925734288,0.6787123368338405,0.6844233080103465,0.675924860028256,0.6737890360630377,0.6825836732413254,0.6863872722889907,0.6781998912251062,0.6794227455485353,0.6848005678828007,0.6817563996073397,0.6839404424056292,0.684432315286752,0.6805740210255075,0.6840893684329454,0.6828961630175591,0.6824809961844479,0.678616636528029,0.6893482407306899,0.677981100470908,0.6912270456167673,0.6843663153047969,0.6827677553484005,0.6865947027176162,0.6902628169863889,0.6886543535620053,0.684693226365211,0.685915544630737,0.6931334549323606,0.6872876503149457,0.6949622703730286,0.6874987682059166,0.6989321671921082,0.6973972967984085,0.6955267840706879,0.702355954980682,0.7152260228889313,0.6947835738068813,0.6910437098136001,0.7060976678940908,0.7034126528630082,0.708775827593868,0.7009949030692871
50,0.7808219178082192,0.5089285714285714,0.5581395348837209,0.5957446808510638,0.5046728971962616,0.4816053511705686,0.45408163265306123,0.31596091205211724,0.3435655253837072,0.28218243819266836,0.2931904161412358,0.29655493482309125,0.31475409836065577,0.2894092022869589,0.32367587143503845,0.327150084317032,0.3530574777573789,0.3850782190132371,0.37846607669616517,0.41599022431701144,0.44921552436003304,0.46492841192696704,0.49844126816069645,0.518961038961039,0.5561560150375939,0.5679786467821887,0.5903633124176931,0.6061739283824308,0.6407520827159274,0.6530238799597426,0.6688353391226649,0.704179120409906,0.701964494684162,0.718550964839588,0.7307744107744107,0.7484979468338016,0.7632525180309944,0.7679487435380531,0.7788105870402667,0.7680557588175033,0.7833150072713084,0.7738265314904385,0.8020906641034004,0.8120163102271781,0.8173903137612291,0.8161805788356241,0.8314661624517451,0.8145778871290174,0.8270253555967841,0.8319290261078139,0.8380662505407577,0.84150902738229,0.8212331265961328,0.8335098951376414,0.8412592821782178,0.8381461727390312,0.8453454519633601,0.844483311470631,0.8550701622682912,0.8532662594322673,0.85806224475426,0.8608129582647969,0.8626200192823276,0.8618720590105557,0.8773731328457728,0.876394428422409,0.8862980620395022,0.8795492764118867,0.879164110152669,0.8842330722078906,0.8765173367869548,0.8704285078368437,0.8787722554478586,0.8803996473699677,0.879810885349243,0.8784261427704051,0.8733257538844675,0.875468225614377,0.8614295383491443,0.8717267104713108,0.8640378816834416,0.8538291453132749,0.8582208916048066,0.8511607745889659,0.8510187854090051,0.8515958429336677,0.8489207264286461,0.834957397294566,0.8249835381913959,0.8134804453119352,0.8227748761940844,0.7962635409241708,0.8017131257983796,0.7919163727269614,0.7824442426413617,0.7857614880002579,0.780915727229524,0.7806304646914212,0.7645752399451554,0.7581868462844313,0.7583832767235388,0.7549059533202678,0.7485096916137121,0.7372433672568974,0.7375026480473156,0.7333503430603088,0.7245186922800566,0.7113356878213851,0.7109322171932301,0.6997592888295717,0.698648553694812,0.6879559218614817,0.6775709878878794,0.6727449421326972,0.6665990872464693,0.6621973818932618,0.6671127762138305,0.6664555072264947,0.6723981935745541,0.6736857943538528,0.6778647315327986,0.6891448736792479,0.6970261036403723,0.702422929598078,0.698899104094246,0.7105024113593852,0.7174071292723699,0.7204689806139202,0.7234359812378665,0.7307788215896022,0.7319512390924108,0.7300470033600608,0.7342996159938012,0.7306648230650465,0.7309387651322696,0.7304500880060347,0.7284743411337649,0.7243058525616867,0.7179735716020332,0.7195909648224691,0.7144557114807606,0.7132653653940068,0.7128924430439079,0.7081441546919707,0.7028917538585638,0.6980575558685197,0.6891942016200177,0.6887031010842862,0.6806053177446728,0.6780688496145011,0.669657142540788,0.6640141568024683,0.660078887274237,0.6550939066000134,0.6467961360181893,0.6419558567152396,0.63840700469894,0.6372739877096121,0.6308989034511108,0.6301455644897943,0.6241661661028738,0.6205483939181597,0.6200713493011766,0.6188758522276835,0.6132569070273989,0.6103806261390635,0.6073170731707317,0.60763515218298,0.6064442376711419,0.6113306545345863,0.6005416423328409,0.5948187805994858,0.596066704580895,0.5942272332601256,0.5903764498585746,0.5941347322452398,0.602057521965727,0.5880946479858874,0.5933166577243083,0.5904136715887297,0.5931174252517178,0.5903534414031358,0.5897040138485021,0.5914931441747487,0.5867955555151768,0.5894609225217097,0.590268650947043,0.5894832311362606,0.5918505427922242,0.5837454377216882,0.5910195200270407,0.5781878729013459,0.5806781674954892,0.5883056402000805,0.5845842310363908,0.5810193237294438,0.5800191486227722,0.5806167511732364,0.5793590551788907,0.5839836052652321,0.580906346047091,0.5854549951223533,0.5793899399963803,0.580877528314267,0.5821028624894009,0.5757912188767504,0.5878197019714312,0.5780788177339902,0.5816688445025201,0.5837333589349718,0.5818560832538823,0.5833618289287285,0.5809089243784243,0.5839975527268402,0.5928928876567104,0.5869103712525242,0.5861355950023657,0.5919514981108865,0.5884522216999891,0.586570620015436,0.596242828058486,0.5972448692718583,0.5979644242844557,0.5938755114739879
60,0.1661807580174927,0.1417910447761194,0.13358070500927643,0.12086330935251799,0.10756972111553785,0.11188811188811189,0.10880195599022005,0.08985641500694766,0.10601092896174863,0.09755378720895962,0.10331037547211731,0.11338554645781417,0.12609457092819615,0.12456058120459339,0.13899688958009332,0.1492192908237828,0.16807852628748152,0.1811491650155675,0.19192221391174272,0.20800418976127089,0.2373943745784901,0.24439841187640254,0.25971558170896164,0.28102846854956676,0.30324382494619245,0.3100154938371528,0.32614370693713357,0.33880190874314786,0.35542201684049024,0.36749334935209815,0.37938134532841283,0.3951451076701908,0.40448487109223685,0.40887595489268824,0.41903928332389434,0.4321238739300776,0.4377366681942066,0.4494375459950705,0.4588682995133078,0.4533723516834762,0.46067837623597147,0.46079496535607395,0.4710252300744907,0.4820955693450852,0.4844892447188193,0.4904035220656647,0.49722033770541235,0.5055014266492351,0.5108341689347276,0.5185543692856185,0.5263806538636959,0.531808100852107,0.5282229283793693,0.5386508180618532,0.5434096132707105,0.5445172498442132,0.5570528837605397,0.550865183494961,0.562670998632011,0.5653312510117988,0.5641080240341441,0.564882912550311,0.5657917532917532,0.560245694964576,0.5686727401493691,0.574576789392379,0.576392803646496,0.5811280969952557,0.5842467560501763,0.5822405074140738,0.5835501975293158,0.585890683151454,0.590743850028497,0.5951575070864819,0.588570180657113,0.5920537254099558,0.5860861224549114,0.5922196427656006,0.5851688050094146,0.5845618625245287,0.5852799033427306,0.5809647007543536,0.587256373917802,0.5826909673100679,0.5828919599700456,0.5866523791983391,0.5787893135811437,0.5768235505111322,0.5691185655792004,0.5644676862110695,0.5699645693646856,0.5573795737341383,0.5624881064191574,0.562971303368735,0.5551181567779078,0.5601824721063577,0.5487572539143765,0.5444944362290113,0.538109717789561,0.5342356073468127,0.5365591148430795,0.5342874770883904,0.5303687446656564,0.5306201944246859,0.5320462778239013,0.5247855648743158,0.5251902433046229,0.5213092957157316,0.5207599696301385,0.5188701251882064,0.5225001138581082,0.5178190741895903,0.516044058867203,0.5160337209617522,0.5154104506235221,0.5171179922290065,0.5191585642177573,0.5204594151751953,0.5243940642783061,0.5262189836783264,0.5287234132784471,0.5395753943697141,0.5446186701453362,0.5527888268555018,0.5558417324477946,0.5666957425308394,0.575272712170992,0.5808012726960792,0.5870745462830025,0.5955236043403703,0.6043826029664626,0.6107727382326938,0.6215496737031557,0.6268302342282934,0.6356668350473214,0.6419889502762431,0.6503121788698498,0.6584048654682628,0.6628942876968902,0.6688008834482677,0.6767304711873277,0.6847019317745313,0.693965378740979,0.7007742120910013,0.7029543919552738,0.7063744075250129,0.7069872431009394,0.7126395476977625,0.709049683628059,0.7118617853112523,0.7167481919750655,0.7193602300517371,0.7195455882685736,0.7218784470930076,0.7220693257792752,0.7237889318271163,0.7256262760349954,0.7309431813560011,0.7281162517362966,0.7303568407085163,0.7348693515968138,0.7322839654168521,0.7376016023711857,0.7396955244622722,0.7387708879988952,0.740157708083841,0.7365756579145147,0.7439463381729006,0.7462900439698492,0.7515615856728767,0.7439480235766418,0.7446042372445417,0.7477274296366189,0.7495711559059683,0.7475737927679312,0.7484344185724665,0.763056793882063,0.7505861337501396,0.756212436430883,0.7556451371496423,0.7573589302100194,0.7586523377053029,0.7558805526407835,0.7643901052032983,0.7577104914301803,0.7618706346796235,0.7555508825748674,0.7538767997175925,0.7541401273885351,0.7504559993655661,0.7599728353140917,0.7514044359369149,0.7489676311569626,0.7537790612016383,0.7475085057055972,0.7500851683235776,0.7490963855421687,0.7466226601304017,0.7440027755749405,0.7508614282818729,0.7404773821646158,0.7436170398422366,0.7394633972992182,0.7492043050317359,0.7425081585081585,0.7435152441938259,0.7482034164539564,0.7465457943182044,0.7456775351480706,0.7439332762347567,0.7414187171831566,0.7488555841224055,0.742049394796741,0.7508248301177705,0.7498897318278053,0.7470178598888425,0.7375418945140236,0.7548290234392506,0.7342942861654372,0.7349758231637117,0.7419391985260249,0.741397361624904,0.7416999907002697,0.7359160688833329
70,0.29381443298969073,0.22440944881889763,0.20809248554913296,0.18666666666666668,0.17115689381933438,0.155005382131324,0.1669793621013133,0.1307277628032345,0.14969135802469136,0.1299568119356105,0.1413803587716631,0.15188364329995233,0.16308040770101925,0.15766834767131416,0.1694915254237288,0.1781450872359963,0.1965563330450507,0.21380370147658181,0.23027221058929107,0.24799666978873972,0.2769857433808554,0.2837047130490542,0.30632975454578315,0.3273692489186001,0.3504901234933515,0.3556062495026393,0.3743307628076035,0.3879255847557121,0.40343748056309997,0.4230533657360757,0.43223978634329435,0.4492474802506129,0.4621272968675726,0.4646050214329455,0.4715800451938119,0.48633657248778295,0.49324636499524394,0.5100079533404029,0.5135022430024642,0.5110026532947104,0.5177535255020104,0.5159109948244799,0.5255646032031672,0.5328280622051371,0.5380676400955574,0.5411343839632526,0.5496427306626669,0.557042957042957,0.5615014800663406,0.5688707116797914,0.5815384615384616,0.5823976819992757,0.5809532002752925,0.5922608657706406,0.5999382178043049,0.5964135762890649,0.6035181993308324,0.6028195390937939,0.6119520183495717,0.6154149173275281,0.6071969545979989,0.6025741105755157,0.6080791717871373,0.5978896662461292,0.6098141931252319,0.6143529391522785,0.6172906586630098,0.6188872190841409,0.6216885304476545,0.6214229281882823,0.618978332806758,0.622220919619156,0.6275393741051339,0.6299309385563409,0.6232546270822867,0.6264953101197794,0.620621729763004,0.6241375052097001,0.6182893539581438,0.6217298900662049,0.6122768344154623,0.6072633211102211,0.610131933814418,0.6124275590950962,0.6127383976813253,0.6103697922836259,0.6008349043899811,0.5982356379869267,0.5938695300104676,0.5906827203831895,0.5973046245727084,0.5862287902248771,0.5881812988246773,0.5873623652226921,0.5773051389230391,0.5797065258751902,0.5687600717220092,0.5672377247995105,0.5594104154366238,0.5533451900403661,0.5583027611508014,0.5548498737255636,0.5520423518320431,0.5521756754375143,0.5529678934331574,0.5483323794593609,0.5480931407422802,0.5447516830910333,0.5468956457026564,0.5427108556218924,0.5448361772624488,0.5420818278694113,0.5390864885731387,0.5426178167164881,0.540101774767407,0.5420326092979443,0.5436422192743733,0.5465052029050242,0.5482647214078111,0.5495579810427413,0.5536902816267557,0.5640375989127752,0.5687323023007352,0.5769769860288466,0.5810356111645814,0.5921755848761512,0.6002580750776993,0.604511048032504,0.6131094406198725,0.6197473959513436,0.6294357732047187,0.6389893251571489,0.6485086838297007,0.6561350198249376,0.6651295358489888,0.6728780121564524,0.6822133615493292,0.6899170713605782,0.6958313382082018,0.7032091506497357,0.7129513198993191,0.7226839651327792,0.7296308141368095,0.7362009789467476,0.7407185007265071,0.7404114450283512,0.7436169234679805,0.7450471284615834,0.7450628469195835,0.7469772334510482,0.7509887189803002,0.7536443664805188,0.7538935745012363,0.7582009628868237,0.7555208287479274,0.7565846094204303,0.7577683558567688,0.7615772523095178,0.7615124668103025,0.764414473193647,0.7645768890050684,0.7607791706062362,0.7683662555126428,0.7701587266787977,0.7706572161235485,0.7679383906169341,0.7678778495809855,0.7684898767233015,0.7705773063540857,0.7698806013842712,0.7677673427858257,0.7680966061993526,0.7714462093691383,0.7683068769966073,0.7707708140550544,0.7685980511463062,0.7800626169436262,0.769199965676039,0.7720818172878355,0.7762084375384363,0.7761154606062527,0.7749784691864078,0.7688219860363765,0.7717986702036035,0.7658958852128542,0.7707933933048223,0.7726686231847392,0.7675502214235287,0.7718281665657017,0.7645530075542329,0.7636132871141196,0.7623812539582014,0.7678620789990543,0.7657491805486956,0.7629100407159868,0.7614638517284202,0.7602323186820259,0.7590131578947369,0.7531231708336817,0.7608598911443536,0.7474434243305865,0.7565830359203821,0.7532625024887328,0.7570034389813179,0.7559424362089915,0.753715581219602,0.758041735463208,0.7545410705674329,0.7598610010363958,0.7500822436055596,0.7510376905909101,0.7532008830022076,0.7505271311157967,0.7545508442941525,0.7650923655018788,0.7573496659242762,0.7536613942589337,0.7657248073469574,0.7542518188980026,0.7419287357924831,0.7468759418542648,0.7410697674418605,0.761075458644464,0.7493813648044161
80,0.11354581673306773,0.09515859766277128,0.0876979293544458,0.07713498622589532,0.07935341660543718,0.07912087912087912,0.07989228007181329,0.06923625981441828,0.08199492814877431,0.07411553963278102,0.08373851971907077,0.09393894705795605,0.10338638267320809,0.10323395163639895,0.11529468676933,0.12425542816883367,0.14080540692762603,0.15377961458984094,0.16697032795419053,0.18096901579586877,0.20409973055015518,0.21587582337155403,0.22999050074636992,0.24889132492899496,0.26823353429128327,0.2774477948633043,0.2922498753690992,0.3052461404537299,0.32078799868117375,0.33561128526645767,0.3525403273283881,0.36565830134556493,0.3759868772004694,0.3854938075579549,0.39163228235633774,0.40639044366998744,0.4141763370189071,0.429585878096982,0.43827992708996194,0.43779066130007716,0.4452194949851318,0.45302659290385644,0.4641892160368737,0.47001136735834154,0.4806457478061991,0.4824169914042818,0.49706577745122976,0.5052073398695304,0.5160929299166409,0.5240336655335057,0.5322219823779901,0.5408303574078287,0.5384040422160433,0.551947457782206,0.5661235750351361,0.5644765046149027,0.578047311995028,0.5768101225497516,0.5945731609380019,0.598719177046039,0.6038092973015826,0.6097435745529587,0.6161443691866498,0.6189458494305468,0.632958902146261,0.6400505494111531,0.6486469340776857,0.6544285531627304,0.6587846060922949,0.665814235306697,0.6732045647731177,0.6779034759602226,0.6892737108862489,0.6978115005957234,0.6991752097758217,0.6990603725721978,0.6963067838458483,0.7066137727951907,0.7047268316692449,0.7118062545403622,0.7100776546549167,0.7070484958417468,0.7215924275209269,0.7205051625565321,0.7235536701201684,0.7282915959958761,0.7239538543914589,0.7205632901264202,0.7123273608818907,0.7175663180716745,0.723330689928628,0.7114327722172864,0.7153809520091813,0.7184946403604163,0.7152289637420132,0.7230940373776328,0.7153480538387976,0.7165314121673844,0.7108568924535568,0.7070757366835198,0.7121271827204886,0.7107774708980127,0.7118327079753597,0.7113204869881091,0.7153647077117882,0.7144709893922282,0.7184981819324957,0.7117600864847224,0.7164807942935026,0.7145026427730136,0.7160057609217475,0.7150625931798282,0.7104279360219545,0.7134973061606934,0.7170964403877477,0.719067724580885,0.722849557683041,0.7286454772040497,0.7347125751054673,0.7411288086636624,0.7457877210823314,0.7618542122548776,0.7719515377446412,0.7867618792024197,0.7928096403769581,0.8099442395010509,0.8272545396031227,0.83332534118482,0.8445764394133817,0.8557190657374495,0.8672621724141907,0.8795740572402929,0.8939343075211479,0.8995703369319882,0.9141433247257357,0.9258862383707831,0.9346189334832957,0.9414973400375946,0.9514130280996597,0.9587476948727233,0.9644975845964957,0.9790138549307253,0.9871020622074883,0.9977557257765445,1.0,1.0,1.0,1.0,1.0,1.0,1.0,1.0,1.0,1.0,1.0,1.0,1.0,1.0,1.0,1.0,1.0,1.0,1.0,1.0,1.0,1.0,1.0,1.0,1.0,1.0,1.0,1.0,1.0,1.0,1.0,1.0,1.0,1.0,1.0,1.0,1.0,1.0,1.0,1.0,1.0,1.0,1.0,1.0,1.0,1.0,1.0,1.0,1.0,1.0,1.0,1.0,1.0,1.0,1.0,1.0,1.0,1.0,1.0,1.0,1.0,1.0,1.0,1.0,1.0,1.0,1.0,1.0,1.0,1.0,1.0,1.0,1.0,1.0,1.0,1.0,1.0,1.0,1.0,1.0
90,0.18387096774193548,0.16666666666666666,0.15483870967741936,0.1510791366906475,0.12514484356894554,0.12743362831858407,0.12075983717774763,0.10098906819364914,0.11926229508196722,0.10308315166614762,0.11283669012375637,0.12264150943396226,0.13751392646824764,0.1356040311264192,0.1532197578484946,0.16447647308181432,0.1802321389950256,0.20301992132978047,0.2181230873852431,0.24081653276741954,0.2725823349883843,0.28567393058918483,0.3150420105584058,0.34449463774612915,0.37595298602287164,0.38746784589149974,0.41257037678648767,0.43314510436623976,0.4585601508188995,0.48551086118543374,0.5076293815962362,0.5332322926139235,0.5491322724528155,0.5642675194764145,0.5772033402478591,0.6027113570707598,0.6086694055504318,0.6360240027771809,0.6497601535017589,0.6472175119469709,0.6632429347989308,0.6680287675711016,0.6835422670157834,0.6998795042460408,0.7122376630743051,0.7192718371481226,0.7366679696225151,0.7433310413538582,0.749649644038343,0.7574616418411916,0.7731108007183376,0.7834123833951883,0.7744599108333214,0.7905090570213757,0.7982121363356134,0.8046095679227646,0.8086976605168057,0.8142786873726372,0.8330731254483311,0.8405210250601727,0.8434407054165917,0.8387846024286219,0.8542039940886442,0.8485444187065674,0.8645133663669174,0.8766741550964289,0.883835514941961,0.8865902848234392,0.8893716455511337,0.8954867935381813,0.9038449864630252,0.902690882585191,0.9154284077482187,0.9188557947508109,0.9158425123037263,0.9240411044833997,0.9112539684333021,0.9147436767567079,0.9092981322083489,0.9130879001201343,0.9101197732025632,0.905898861007882,0.9099843451034962,0.9053051421709483,0.9027751418148078,0.897132322818517,0.8935752623568053,0.886744520372595,0.8714389218953775,0.8660387886250818,0.8696298838739203,0.8451881672722518,0.8538269442218454,0.8508002207505518,0.8448722562072688,0.8447582741292671,0.8354879847965793,0.8315301391035549,0.8213088471068357,0.809805813885477,0.8119199719199719,0.812388726067545,0.8007679208936285,0.7991480787134458,0.8001863643422892,0.7872002191050037,0.7877280455861403,0.7738825251438773,0.7731952675427295,0.7660029637050487,0.7660431240818926,0.7587142003424916,0.7547264298286933,0.7485561775938423,0.7462142429451645,0.7497808330738461,0.7515230285700782,0.7520135129597844,0.753074934046159,0.7556984565010084,0.7612275053018492,0.776928848904556,0.7822453913569054,0.7955560608172036,0.8014770180662109,0.8121240893612807,0.8226147547203426,0.825566038632196,0.8313585244479615,0.8418776986641887,0.8475425629006997,0.8542990792583616,0.8608094425164371,0.8639350427529002,0.8756643488855744,0.8775909350153522,0.8791051904500239,0.8842128661561008,0.8847979649437832,0.8828665363977544,0.8825274165691097,0.8917869900154932,0.8937046539214875,0.897084777722206,0.9011706912309394,0.8933274802458296,0.8868285352175357,0.886811264881051,0.8808061498413732,0.8758647180922108,0.8746610457506887,0.869451881338121,0.8623145170663671,0.8655113182745579,0.8580653762509062,0.8538347114669467,0.8504581062515354,0.848341948122448,0.8458418152028201,0.8439062789405446,0.8386644577545559,0.8325378547667523,0.838290411588871,0.8347015634652853,0.8308235177178073,0.8240655454715268,0.8229524935511608,0.8233352868943961,0.8244031485135633,0.8239331030830169,0.8168769470404984,0.8121918961163881,0.8142359515833967,0.8100592694453389,0.8066924928947702,0.8122330589218162,0.8223782506371884,0.808700882117081,0.8140533142554979,0.8143798862255487,0.8153735153735153,0.8111457227946463,0.8020272777880868,0.8065112260449042,0.80291390069864,0.8039401668867042,0.8127553124958418,0.8018666773946976,0.8072171338062117,0.808630634479812,0.8111599182359849,0.8011446825502463,0.7982063458455582,0.8083741507347132,0.8019704433497536,0.7989542785511645,0.7986917499112621,0.807630381519076,0.7956500998250853,0.808725076408092,0.7957416028339855,0.8086616564184317,0.7961623813896541,0.8021549431717454,0.7949250334404759,0.79589540022917,0.7992868379653907,0.7927547552196584,0.79569297554955,0.7923589843834843,0.79885962771504,0.8019070641955413,0.7946375689097454,0.8073444071141602,0.7986987057524723,0.8017777987362067,0.8028851923861645,0.8079100110327625,0.7904424263027536,0.7910584619959853,0.797144483210848,0.7955561103482711,0.8008133142555915,0.7925663093260858
100,0.2345679012345679,0.17981072555205047,0.1978021978021978,0.168,0.14342629482071714,0.14845360824742268,0.1301169590643275,0.10302708443972385,0.1198517298187809,0.10241336633663366,0.10915492957746478,0.1152523973222363,0.12403100775193798,0.12517663683466793,0.1358928062339637,0.14639299728342892,0.16518004625041294,0.1817768688934333,0.19308718771947425,0.2145397254107585,0.24053380496824503,0.25557802007365155,0.2788508999967093,0.3028006789524733,0.33338028169014083,0.3469371910664838,0.37028399290625075,0.38944672363380856,0.4152227722772277,0.43832139201637665,0.45600441669204994,0.48163764465374365,0.49747670807453415,0.512021055828314,0.5235346144568626,0.5422590342581575,0.5523548657079814,0.5781280521705159,0.5910432999287304,0.5927154655184584,0.6040729242173503,0.6089424066749742,0.6301360626778322,0.6380112982529553,0.6517231535786578,0.6545473166734944,0.6704827007865012,0.6735840899265024,0.6900501812458881,0.6999340258463449,0.7147864588137626,0.7185553189811529,0.7134235721360185,0.7322596743953924,0.741747599301615,0.731868884912628,0.7516257339478503,0.7513746239236435,0.7686787016728746,0.7740126989921642,0.7785614801753108,0.7797489772210717,0.7898874094498664,0.7924530508197105,0.8037788217629194,0.8155241129649297,0.8192786254736095,0.8300627852558905,0.8293272504425984,0.8314102920723226,0.8311878258733686,0.832054914168617,0.8386472479170767,0.8507366512674334,0.848897577929836,0.8506735544565891,0.843011831598311,0.8512853443375371,0.8451314374855071,0.8499968644829532,0.844351759628154,0.8399349494333486,0.8447611166057768,0.8387071140512943,0.838271000587429,0.8460438881162108,0.8303185946106892,0.829710979463603,0.8181076154285662,0.8075042831642493,0.8117907777748111,0.7937002210448756,0.7989101530145167,0.7965193879220522,0.7894356370727771,0.7963767642446419,0.7826473964067368,0.7773693391529598,0.7685212435307545,0.7615544340699385,0.7678284538272588,0.7577362057623157,0.7592888135255099,0.757766679162686,0.7539979863728956,0.7458943793475011,0.7435155063977446,0.734761666622799,0.7327181438505639,0.7275583683138483,0.7232802308382434,0.7172113248390711,0.709811748357403,0.7108696362473685,0.7059874275898617,0.7093269884432359,0.7098483529532559,0.7129851854409835,0.7178066337214869,0.7226595757558639,0.7271702148342568,0.738730402922236,0.7489105000669071,0.7578691055944886,0.7645257047140788,0.7784026738860718,0.7845300912160142,0.788761801016703,0.7956858004282156,0.8065665756748559,0.8098823187407136,0.8132259361150118,0.8272132351242205,0.8246102533166483,0.8363466732877383,0.8398485690573448,0.8449322181556131,0.846199702674691,0.8447992156824105,0.8465404690032565,0.8488753449455535,0.8565239406637354,0.8582240990155665,0.8630106682446894,0.8628833305026441,0.8646153109646997,0.8591629383388738,0.860477673535112,0.8528557503913673,0.8529393596211263,0.8489905211107953,0.8492165965472218,0.8414884044491829,0.8432606560597132,0.8411358466370167,0.8383132447315744,0.8371628550573421,0.8363286921559138,0.8330366835202879,0.8320018260671079,0.8334511836036854,0.8278177564148658,0.8289176760815565,0.8299783818265585,0.8293499696131569,0.826418360689624,0.825781576499454,0.8275095543634515,0.8278497550353838,0.8310685747821769,0.8199101035763142,0.8266367530083623,0.8198380056016754,0.8168844732707853,0.8202265804029119,0.8240761904761905,0.834049717737942,0.8232580921670273,0.8267572263465487,0.8270898407636356,0.8279363862808967,0.8281357393320208,0.824105631956527,0.8270960755116357,0.8148568689047854,0.8270501206535069,0.8348847063326089,0.8286700203716793,0.8293663147765545,0.8342957901697157,0.8415250413596029,0.8351731368135425,0.8269459764351967,0.8376502177543469,0.8311405711224934,0.8334164931780251,0.8363658890580198,0.8320802005012531,0.8284978382853463,0.8406421966301696,0.8311024155899502,0.8350317472760054,0.8416997006714667,0.8359952373131877,0.83902983816588,0.8381167851756087,0.8398386705750116,0.8373731742669194,0.8421431949730862,0.839512138994362,0.8357200881977487,0.8438582028029679,0.8406555006627304,0.8508220263444588,0.8529537188009532,0.8470544276995889,0.8493258512556179,0.8589168239073894,0.8504545929564218,0.8435517970401691,0.8637423921495027,0.8593387627420311,0.8620065389499851,0.8631841477786609
110,0.30158730158730157,0.23265306122448978,0.24324324324324326,0.21428571428571427,0.20224719101123595,0.190224570673712,0.178,0.15062111801242237,0.17722289890377588,0.14704575744113726,0.1596292481977343,0.17258195610945543,0.18697251677126164,0.18600174978127734,0.2070063694267516,0.21839468647979288,0.24269488399184544,0.2694736842105263,0.28435283687943264,0.3152533403889403,0.35237310093039687,0.3686595146338923,0.40060511511369545,0.4300103305785124,0.4688428475220853,0.48238638408117734,0.5106026598773911,0.540008800050286,0.5729639008303398,0.5966173479339073,0.6124520582971107,0.6443082482785565,0.6613107524863951,0.6765951754581531,0.6898919262555626,0.7173215136389056,0.7147104574005159,0.7468988410692446,0.7643230636120829,0.7575921615330482,0.7780576743530573,0.7764728233648249,0.7953601579520697,0.8112736947123379,0.820313903542439,0.8225225225225226,0.8461180771574255,0.8475655610489767,0.8559267793138761,0.869775591563786,0.8743512041007124,0.8810532931526276,0.8672981216888747,0.8882217241210059,0.9018225841224564,0.887766882687068,0.9087786259541984,0.9048318081019459,0.92860166502046,0.9387116156984283,0.9412518923595019,0.9430962598695765,0.951517270515566,0.9466266238301438,0.9530109919751838,0.968272477051781,0.9786154750673394,0.9869292748433304,0.9817427051426729,0.9822280644101216,0.9821633530785366,0.9872450674284196,0.9915454721737444,0.9971709103012149,1.0,0.9996545214505164,0.9943045933085135,0.9986292573291511,0.9979339614422442,1.0,1.0,0.9852516870543911,0.9989855470288462,0.9896390060947023,0.9908576454386594,0.982601770110043,0.9783683627712177,0.9754132097134068,0.9575911339462008,0.9504619120519453,0.958169632539866,0.9308390255946013,0.9359939528279723,0.9299840141560178,0.9217300841094895,0.928033655996878,0.922524711469435,0.9113441874753149,0.9042193807746229,0.8912653389660028,0.8972483185030604,0.8914989066480309,0.8807925947353197,0.8764835472252334,0.8743966927562401,0.8674386563443117,0.8636621279490119,0.8509098667967202,0.845272677124229,0.8385895363383468,0.8318775587608626,0.8235595530117198,0.8163520326075298,0.8122020158924858,0.8078656266990089,0.8079466438154628,0.8097025185607643,0.8117407116178494,0.8168617046477472,0.8164776250045589,0.8190769015145543,0.8358799488714723,0.8399660891822057,0.8500466289977509,0.8550321223406063,0.8665046243996297,0.8708515825282731,0.8743413174656949,0.8765837409019139,0.8780078446238646,0.8831881318320046,0.8844428800145341,0.8888787735836043,0.8884588629948245,0.8929190151687575,0.8931070307861929,0.892944889283013,0.8916941443261348,0.8898948067651653,0.8882364719557512,0.882747539244747,0.8892229541260782,0.8886179419307942,0.891771032456975,0.8861163254748355,0.8895654529558804,0.8788783350165552,0.8831137558632792,0.8723731385371487,0.8647236264825916,0.8617251672377805,0.8580925575736253,0.8553651515908488,0.8535821085448877,0.8457782541383827,0.8419769704343174,0.8401576537101203,0.8382635546102466,0.8369820479311395,0.8326818421800756,0.8267198467408885,0.8261908836469828,0.8248479877824599,0.8228050451463303,0.8195813109771045,0.8184353789366615,0.8119672848261509,0.8152357134961866,0.8157708400386224,0.8182202040105784,0.8078173136167591,0.8034652287685354,0.8067888359157728,0.796827244942512,0.7952122201700617,0.8032975602510305,0.8193139143463117,0.801358841408904,0.8056085698454719,0.7988902251197333,0.8014073750818241,0.8006848080735267,0.8018784786641929,0.803483687400624,0.7994652737377613,0.7995844063129446,0.8025568928364956,0.7964304741608951,0.8003277345350266,0.7945868786386028,0.8057399593911554,0.7857018536245758,0.7902349189237748,0.7959859976662778,0.788258826517653,0.7941340415764968,0.7909378504594681,0.7943130572480981,0.7938127974616604,0.7956115545692093,0.7846809444556212,0.7893225645110498,0.779578150756781,0.7844319451400393,0.7877379021089701,0.7850525763416554,0.781148784387684,0.7809828837634923,0.7914488305640809,0.7943603701687534,0.7796591819500682,0.791629839137352,0.7812017109712673,0.790335564295407,0.7831364149335545,0.7870981181862371,0.788500978289055,0.800613205304939,0.791364807701658,0.7866525371515883,0.7900674432863274,0.7978267945219198,0.8029094203810435,0.7979478084621231
120,0.32386363636363635,0.33727810650887574,0.3185840707964602,0.27631578947368424,0.27,0.2513089005235602,0.2184049079754601,0.18130841121495328,0.2111756168359942,0.17513227513227514,0.18667201926936974,0.20823798627002288,0.2188449848024316,0.21427131626688167,0.2330508474576271,0.24996778765622987,0.27373261797875836,0.29906542056074764,0.32339102671819864,0.35054427772874375,0.38882391163092916,0.4050002860575548,0.43201631404537344,0.47207258293167,0.49936708860759493,0.526076207667857,0.5428255992022508,0.5658115717719894,0.5883473423232751,0.6139993691394489,0.6330408583963212,0.6537746834815787,0.6685875545437299,0.676142946261474,0.6915772703133298,0.7120417771746952,0.7207132078468748,0.7422018171646829,0.7496725394336315,0.7356239268318323,0.7447350228472187,0.7517641550449817,0.7672944615030952,0.7770098101669003,0.7782667307126144,0.7841597521510406,0.7977655489371995,0.8027155218135806,0.8038591007453715,0.8194305618658185,0.8189353221812912,0.8154279833549599,0.8129288551823763,0.8240338787529219,0.8319793148819633,0.8186347570582975,0.8398470568316496,0.8292305930844973,0.8527065937230061,0.8559975776101971,0.8530049978300738,0.8507680650272095,0.8621986957784408,0.8450526840825487,0.8611629069016368,0.8680531920066126,0.8675620310549219,0.8771161025766571,0.8719573310423826,0.8707350610608744,0.8680145044131192,0.8707753246144471,0.8722068706717157,0.8811864387606194,0.8832709889588302,0.8774747649785557,0.8756106563605967,0.8828467870477521,0.8814489089210136,0.890550913809529,0.8795391665225661,0.8821482327572403,0.8780354763927788,0.8796241314289881,0.8769049569848423,0.8800168778066888,0.8759361963190184,0.8694762249577601,0.8589179616087751,0.8522887573964497,0.8592746113989638,0.8407901950399093,0.8428474189631701,0.8410758613164571,0.8378699069489424,0.839058896423531,0.8352791180220495,0.8332584341796938,0.8246616703510001,0.8109204322488066,0.8182152609759894,0.815045342126958,0.8093564142605575,0.8031787739930144,0.8080522934858978,0.7953690948138434,0.7939257449530768,0.7839314799213704,0.7830055339921937,0.7757990191933711,0.774596975236829,0.768341182094653,0.7638271394305557,0.7595696822491435,0.7641320041931209,0.7632956025145209,0.7609383299755463,0.7610817236803303,0.7747247809481016,0.7721718735179229,0.7762843290273304,0.7883749796758446,0.793327765475707,0.8000833508517645,0.8014599935567694,0.8120519782114988,0.8184590437300175,0.8161572011384308,0.8235678987405891,0.8269978893051408,0.8297441667425038,0.832588665369733,0.8374820979744394,0.8412033210848199,0.8422336717684498,0.8438529054553194,0.8484689275057744,0.8499462097100791,0.8481189210844551,0.8469497816756303,0.8465584485888594,0.853492149710264,0.8603666050523722,0.8645287106058466,0.865449411438619,0.8703784581557507,0.864334275216324,0.8691853669939223,0.8616018142754834,0.8593121713244523,0.8623702446814578,0.8605050293455052,0.8590329453175657,0.8573836561390334,0.854406066690451,0.8524324513203987,0.8549385821298235,0.8543550395999125,0.8494138998718607,0.8534523128154431,0.8518450602435631,0.8457582675919437,0.8485978806729242,0.852119124576266,0.8545431309904153,0.8510014168168847,0.8558554152898191,0.8528181075787906,0.8558597091531224,0.85771527524325,0.8469147166642443,0.8496926598965191,0.8538503990118871,0.8507925190588493,0.8503969314148315,0.8581147419050925,0.8703209937785494,0.8566331839707787,0.8555503492464775,0.8675380614711374,0.8643525327999059,0.8610256534483176,0.8606381919553963,0.8676719296660168,0.8569343646760691,0.8612091337242033,0.867664815262014,0.8654923359724414,0.8634696132596685,0.8696011762543651,0.870267832146079,0.8569869168340953,0.8630506589920528,0.8606466372842579,0.8566794913821363,0.8610765456678636,0.8572594836813555,0.8588390746840862,0.8589002689248727,0.8651162790697674,0.8549508797800052,0.8633720341215326,0.861189860320745,0.8564608395726424,0.8565743051372515,0.8652430207985764,0.8661045071254858,0.8582333447605988,0.8709993011879804,0.8753269189241069,0.8597865278540557,0.8714455985016176,0.8544728591024887,0.86895941332659,0.8682208150342151,0.873737763046327,0.8749869205817725,0.8798025439444198,0.8584388185654008,0.8711552632297154,0.8727514087559601,0.8782141380735842,0.8783590308370044,0.8684682200468772
130,0.1168032786885246,0.08948194662480377,0.09195402298850575,0.08695652173913043,0.08845208845208845,0.09022556390977443,0.09753424657534246,0.08279982927870252,0.1034850640113798,0.09451741861793261,0.10701956271576525,0.1224764468371467,0.13634211772131924,0.13767646677891465,0.15442764578833693,0.17235252309879176,0.19473438230253934,0.21850460908159783,0.23438070880526124,0.25958605664488016,0.2929456112008616,0.30491902136457616,0.3279538681837532,0.35609895202110214,0.3848780487804878,0.4018103344922671,0.41603886887214764,0.44240177146094034,0.46402766185763683,0.4840948655920056,0.5019067974184896,0.5186226144381768,0.5344137996398446,0.5385338846201622,0.5484778543389996,0.5692378494765044,0.5751362656863988,0.5906146383396782,0.5999704709877455,0.5991608750874089,0.6068366673994284,0.6095699099685432,0.6271507180244262,0.6395501258389261,0.641968839070029,0.6493186522904205,0.6631437404177244,0.661240793908376,0.6699564150092681,0.6828329484218629,0.6859256449165402,0.696086170456571,0.6862107509399451,0.701653031419229,0.7095566168219422,0.7030769980982103,0.7190920292831429,0.707085499499646,0.7303386026782411,0.7315858873402591,0.7352866641727105,0.7367422660733247,0.7396523413170262,0.7289497461492126,0.741435211903088,0.7457575789220856,0.7496595931876742,0.7515207450602005,0.7565220091929272,0.7599284036245665,0.7544972687010367,0.7604179458839904,0.7646548630218926,0.7720424992071043,0.7658569566793725,0.7676760977088821,0.76278383567085,0.7747884989412971,0.7710230496283403,0.7731857809722104,0.7668937702013777,0.7684660808108987,0.763827166126751,0.7679281147399344,0.7635460512235143,0.7644430481376758,0.7589579594648613,0.7545159020074399,0.7434234382726224,0.7397671150701367,0.747786449793402,0.7357102203431173,0.7394068993342747,0.7339326520248826,0.7270334502272077,0.7360363556756675,0.7251707373538604,0.7199545148832017,0.7095754410614636,0.7070892783044463,0.7092928413293185,0.7036195740491427,0.705703756924004,0.7003062205234807,0.6988351842709186,0.6911467971437234,0.6901976968916089,0.6824578044630459,0.6761252951420672,0.6739321045745633,0.6759240795460726,0.6736221648542243,0.669453545904343,0.6663341471311439,0.6654881509648469,0.6670715646536843,0.6693283607219828,0.669657372908499,0.6743363800986385,0.6757804098543134,0.6777394430511865,0.6868068846863404,0.6910019187453074,0.7002236847626456,0.7004972476553242,0.708852419919808,0.715387881813539,0.7184059309071367,0.7206835685507809,0.7264221812470122,0.7313392203903153,0.7371075729257849,0.7417134543713413,0.7440021951279854,0.7514212771327043,0.7547043040854994,0.7622266304214729,0.7644575742068698,0.7637998347471877,0.7677424720222429,0.773855282479504,0.7817300414744045,0.790564251236023,0.7974051258728573,0.7992166503135532,0.8034219876888515,0.8038151360231036,0.80612506059721,0.8019936733276753,0.8058714239856813,0.8063859148544686,0.8089509542433079,0.8049707591764106,0.8123218982383773,0.8094210673174796,0.8118718383919062,0.8116335913655447,0.8143635243153106,0.8145865409442569,0.8173541693658498,0.8177821960577207,0.8132787749357417,0.8209335840304439,0.8266143501714797,0.8225503884074372,0.8236199182412206,0.8243812497476549,0.8310118024844371,0.8298011655062532,0.8366839880618723,0.8314203275361859,0.8274062762838781,0.8312057100463046,0.8348731656560583,0.832796045562003,0.8414174024660624,0.8536471637675871,0.8433707230893068,0.8408713626286535,0.8514537563805626,0.847812287201505,0.8458929782600936,0.8538585010495123,0.8568095766244693,0.847144618451772,0.8463801362930976,0.858614824498517,0.8498337170631876,0.8568546323776663,0.8568582768664262,0.864713245862117,0.8542435424354243,0.8556629162478518,0.8458066755939097,0.856280609781334,0.8517645817580756,0.8579910665649852,0.8613719085394307,0.8554413692228786,0.8674966825384435,0.8578912639219372,0.8665853162497458,0.870357202610005,0.8688129373613245,0.8638030155114438,0.858520758381707,0.8671885667470757,0.8678931311823981,0.8722997247235571,0.8674799067865125,0.8708280932572313,0.8864311163895487,0.8667229855641414,0.8828909843015339,0.8783127550756832,0.8793183698800165,0.8811179600653285,0.8887628294767949,0.8749361644940197,0.8759124087591241,0.8882241032286525,0.8856586992773763,0.887423850454811,0.8806587814221402
140,0.1753846153846154,0.14690721649484537,0.1411764705882353,0.1145975443383356,0.10354745925215723,0.09411764705882353,0.0902179422199696,0.07329051756705704,0.07877639415268002,0.06705834683954619,0.07025230397340988,0.07929789617826466,0.08678184009642427,0.08599627861823476,0.09565217391304348,0.10593567411128707,0.1200019200307205,0.13447638258530845,0.14429240862230552,0.16070946857297005,0.18372735646300276,0.1934364411411083,0.2127275009413832,0.23224996512763285,0.2550206860886054,0.2663937683808918,0.28617025271300367,0.30134872055702683,0.32406821436898375,0.3408577159412907,0.35754481811532546,0.377000228597554,0.38760190824477225,0.3991109825221268,0.41255037129026534,0.42741487615545054,0.4404883258094267,0.4555356910289956,0.47184774909720045,0.468305578173625,0.48374660474897047,0.48458097547830775,0.5012012785035502,0.5119031381477479,0.5244544220528349,0.5260515268746399,0.5422884038311341,0.5495533815397703,0.5635423141349122,0.5756492504760993,0.5777292576419214,0.5841774586485446,0.5830284585748049,0.5948175742303057,0.6068542987233283,0.6063205702390715,0.6203299394520462,0.6198979318903998,0.6337431387025326,0.6385225977154904,0.6460646160044957,0.6416362748459629,0.6472535204288928,0.6429879408332305,0.6543594017687642,0.663381328379006,0.6672602177804295,0.6715462545570415,0.6765887712021331,0.6785967270283524,0.6823614599182416,0.6873600858448502,0.6936935307364632,0.6997359012594097,0.6944723350186152,0.7025702839105777,0.7029764239334118,0.708353042168147,0.707906237584426,0.7102459302731783,0.7051188743328481,0.7012584754032977,0.7059577626341003,0.7075840107265566,0.7107659613325253,0.7112720658687497,0.7085033743549027,0.7022184100744668,0.6972413953021016,0.6929803628749798,0.6972115208218675,0.6842949081531562,0.692275728683459,0.6934633809891518,0.6889984446987705,0.6910232604289217,0.6883915142607944,0.6833297137930807,0.6787607141045798,0.6718182314443588,0.6716531454886497,0.6703885991331815,0.6682028155414376,0.6645350471130341,0.6664735009390959,0.6626321856362452,0.6611671455846335,0.6525157894244749,0.6505207345382941,0.6477354452999183,0.6473966359196961,0.6431840338531356,0.6448178868263422,0.6434625362300471,0.6449627091480491,0.6430622835237708,0.6455123755241888,0.6465076227567176,0.6530450690675221,0.6527226541002905,0.6553912686925468,0.6647328683300676,0.6700664643183039,0.6751200475522126,0.6753275421807508,0.6859179428894511,0.6931072057997765,0.6915992985044135,0.6951118960489014,0.7011403335310791,0.7045634428141231,0.7102835270703722,0.7159535062516804,0.7188829030091903,0.7272406100138045,0.728545546528069,0.7333600375286766,0.739765070193497,0.7395292671619101,0.7448856090492172,0.7506519254125884,0.7544716002184598,0.7657157038857899,0.7753310312274861,0.7743542978780568,0.7805654149311464,0.7798925142865246,0.7853670843001681,0.7832668217932798,0.7836730832899778,0.7872840345870094,0.7848241280141582,0.7819448494408707,0.789054430095906,0.789286508112914,0.785798840392978,0.790583001361718,0.7928294761732502,0.7944274755764882,0.7947794823091608,0.7972862464790865,0.7926550889513853,0.8001503412856923,0.8057768067573844,0.8011741800209675,0.8026311662076451,0.8035155609484144,0.8074872896723028,0.8138209061719586,0.8194828801424491,0.806295883460814,0.8049844286259057,0.809038844621514,0.8115000653908191,0.8121246913242758,0.8178991048557088,0.8221293711072496,0.8157000727978646,0.820913624909819,0.8291182202369222,0.8263530311723083,0.825127097987325,0.8200500420970247,0.8309307155927007,0.829593475049772,0.8283936920516681,0.829645627045896,0.8307192175713035,0.8361343338944845,0.8314004568617115,0.8470924863367296,0.8296347346657478,0.8243241132647164,0.8361990062761506,0.8369686140983718,0.8361210363695993,0.8301359755454832,0.8316303544718964,0.8342070651871886,0.8407693908043803,0.837723323245143,0.8448163054900173,0.8307615530492065,0.83712946593759,0.8411212979002071,0.8395458764110423,0.8470070461668407,0.840089485458613,0.8425986434414223,0.8507894307236643,0.8431762832521543,0.8477118924802423,0.8521142242958692,0.8493709370442692,0.8601603804609042,0.8515513485087521,0.8492395968212862,0.8694698260285995,0.8500770375786697,0.8530197755211117,0.869782385657973,0.8697052401746724,0.8614246368202193,0.86164915736485
